time,machine_id,event
2022-01-03T08:00:00,D_004,LOUD NOISE
2022-01-03T08:00:00,D_009,LOUD NOISE
2022-01-03T08:10:00,D_004,LOUD NOISE
2022-01-03T08:20:00,D_008,LOUD NOISE
2022-01-03T08:30:00,D_008,LOUD NOISE
2022-01-03T08:40:00,D_014,LOUD NOISE
2022-01-03T08:50:00,D_008,LOUD NOISE
2022-01-03T08:50:00,D_010,LOUD NOISE
2022-01-03T09:10:00,D_010,VERY LOUD NOISE
2022-01-03T09:40:00,D_010,LOUD NOISE
2022-01-03T09:40:00,D_014,LOUD NOISE
2022-01-03T10:00:00,D_003,LOUD NOISE
2022-01-03T10:00:00,D_008,LOUD NOISE
2022-01-03T10:40:00,D_003,LOUD NOISE
2022-01-03T10:50:00,D_008,LOUD NOISE
2022-01-03T10:50:00,D_012,LOUD NOISE
2022-01-03T11:00:00,D_014,LOUD NOISE
2022-01-03T11:10:00,D_010,LOUD NOISE
2022-01-03T11:20:00,D_002,LOUD NOISE
2022-01-03T11:50:00,D_000,LOUD NOISE
2022-01-03T11:50:00,D_012,LOUD NOISE
2022-01-03T12:00:00,D_004,LOUD NOISE
2022-01-03T12:00:00,D_012,LOUD NOISE
2022-01-03T12:30:00,D_004,LOUD NOISE
2022-01-03T12:40:00,D_009,VERY LOUD NOISE
2022-01-03T12:50:00,D_014,LOUD NOISE
2022-01-03T13:00:00,D_010,LOUD NOISE
2022-01-03T13:50:00,D_008,LOUD NOISE
2022-01-03T14:10:00,D_014,LOUD NOISE
2022-01-03T14:30:00,D_004,LOUD NOISE
2022-01-03T14:30:00,D_015,LOUD NOISE
2022-01-03T14:40:00,D_014,LOUD NOISE
2022-01-03T15:00:00,D_008,LOUD NOISE
2022-01-03T15:00:00,D_012,LOUD NOISE
2022-01-03T15:10:00,D_013,LOUD NOISE
2022-01-03T15:20:00,D_002,LOUD NOISE
2022-01-03T15:20:00,D_004,LOUD NOISE
2022-01-03T15:20:00,D_006,LOUD NOISE
2022-01-03T15:20:00,D_009,LOUD NOISE
2022-01-03T15:20:00,D_010,LOUD NOISE
2022-01-04T08:10:00,D_012,LOUD NOISE
2022-01-04T08:10:00,D_013,LOUD NOISE
2022-01-04T08:20:00,D_012,LOUD NOISE
2022-01-04T08:30:00,D_009,LOUD NOISE
2022-01-04T08:40:00,D_006,LOUD NOISE
2022-01-04T08:50:00,D_013,LOUD NOISE
2022-01-04T09:00:00,D_004,LOUD NOISE
2022-01-04T09:00:00,D_010,LOUD NOISE
2022-01-04T09:10:00,D_007,LOUD NOISE
2022-01-04T09:20:00,D_002,LOUD NOISE
2022-01-04T09:30:00,D_004,LOUD NOISE
2022-01-04T09:30:00,D_006,LOUD NOISE
2022-01-04T09:40:00,D_010,LOUD NOISE
2022-01-04T10:00:00,D_003,LOUD NOISE
2022-01-04T10:10:00,D_010,LOUD NOISE
2022-01-04T10:20:00,D_003,LOUD NOISE
2022-01-04T10:20:00,D_009,LOUD NOISE
2022-01-04T10:20:00,D_012,LOUD NOISE
2022-01-04T10:30:00,D_012,LOUD NOISE
2022-01-04T10:40:00,D_004,LOUD NOISE
2022-01-04T11:00:00,D_004,LOUD NOISE
2022-01-04T11:10:00,D_002,LOUD NOISE
2022-01-04T11:10:00,D_008,LOUD NOISE
2022-01-04T11:10:00,D_014,LOUD NOISE
2022-01-04T11:40:00,D_009,LOUD NOISE
2022-01-04T12:00:00,D_011,LOUD NOISE
2022-01-04T12:00:00,D_012,LOUD NOISE
2022-01-04T12:20:00,D_008,LOUD NOISE
2022-01-04T12:30:00,D_004,LOUD NOISE
2022-01-04T12:50:00,D_010,LOUD NOISE
2022-01-04T13:10:00,D_004,LOUD NOISE
2022-01-04T13:20:00,D_000,LOUD NOISE
2022-01-04T13:30:00,D_011,LOUD NOISE
2022-01-04T14:00:00,D_012,LOUD NOISE
2022-01-04T14:20:00,D_003,LOUD NOISE
2022-01-04T14:20:00,D_008,VERY LOUD NOISE
2022-01-05T08:30:00,D_003,LOUD NOISE
2022-01-05T08:50:00,D_007,LOUD NOISE
2022-01-05T09:00:00,D_003,LOUD NOISE
2022-01-05T09:00:00,D_006,LOUD NOISE
2022-01-05T09:20:00,D_000,LOUD NOISE
2022-01-05T09:30:00,D_007,LOUD NOISE
2022-01-05T09:30:00,D_008,LOUD NOISE
2022-01-05T09:40:00,D_007,LOUD NOISE
2022-01-05T10:00:00,D_011,LOUD NOISE
2022-01-05T10:00:00,D_012,LOUD NOISE
2022-01-05T10:20:00,D_000,LOUD NOISE
2022-01-05T10:30:00,D_004,LOUD NOISE
2022-01-05T10:50:00,D_004,LOUD NOISE
2022-01-05T10:50:00,D_009,LOUD NOISE
2022-01-05T11:20:00,D_012,LOUD NOISE
2022-01-05T11:30:00,D_009,LOUD NOISE
2022-01-05T11:30:00,D_010,LOUD NOISE
2022-01-05T12:10:00,D_010,LOUD NOISE
2022-01-05T12:20:00,D_008,LOUD NOISE
2022-01-05T12:50:00,D_010,LOUD NOISE
2022-01-05T13:30:00,D_012,LOUD NOISE
2022-01-05T13:40:00,D_000,LOUD NOISE
2022-01-05T14:00:00,D_008,LOUD NOISE
2022-01-05T14:20:00,D_000,LOUD NOISE
2022-01-05T14:30:00,D_000,LOUD NOISE
2022-01-05T14:30:00,D_002,LOUD NOISE
2022-01-05T14:40:00,D_003,LOUD NOISE
2022-01-05T15:00:00,D_003,LOUD NOISE
2022-01-05T15:00:00,D_009,LOUD NOISE
2022-01-05T15:00:00,D_014,LOUD NOISE
2022-01-05T15:10:00,D_008,LOUD NOISE
2022-01-05T15:20:00,D_011,LOUD NOISE
2022-01-05T15:40:00,D_012,LOUD NOISE
2022-01-05T15:50:00,D_011,LOUD NOISE
2022-01-06T08:00:00,D_004,LOUD NOISE
2022-01-06T08:10:00,D_008,LOUD NOISE
2022-01-06T08:10:00,D_011,LOUD NOISE
2022-01-06T08:10:00,D_012,LOUD NOISE
2022-01-06T08:20:00,D_002,LOUD NOISE
2022-01-06T08:30:00,D_000,LOUD NOISE
2022-01-06T08:30:00,D_008,LOUD NOISE
2022-01-06T08:30:00,D_010,VERY LOUD NOISE
2022-01-06T08:30:00,D_012,LOUD NOISE
2022-01-06T08:30:00,D_014,LOUD NOISE
2022-01-06T08:40:00,D_002,LOUD NOISE
2022-01-06T08:40:00,D_004,LOUD NOISE
2022-01-06T08:50:00,D_005,LOUD NOISE
2022-01-06T09:00:00,D_004,LOUD NOISE
2022-01-06T09:00:00,D_008,VERY LOUD NOISE
2022-01-06T10:00:00,D_008,LOUD NOISE
2022-01-06T10:00:00,D_009,LOUD NOISE
2022-01-06T10:00:00,D_010,LOUD NOISE
2022-01-06T10:10:00,D_008,LOUD NOISE
2022-01-06T10:10:00,D_014,LOUD NOISE
2022-01-06T11:00:00,D_010,LOUD NOISE
2022-01-06T11:10:00,D_006,LOUD NOISE
2022-01-06T11:10:00,D_012,LOUD NOISE
2022-01-06T11:20:00,D_012,LOUD NOISE
2022-01-06T11:30:00,D_006,VERY LOUD NOISE
2022-01-06T11:30:00,D_008,LOUD NOISE
2022-01-06T11:40:00,D_009,LOUD NOISE
2022-01-06T11:50:00,D_013,LOUD NOISE
2022-01-06T12:20:00,D_009,LOUD NOISE
2022-01-06T12:40:00,D_009,LOUD NOISE
2022-01-06T12:50:00,D_009,LOUD NOISE
2022-01-06T12:50:00,D_013,LOUD NOISE
2022-01-06T13:00:00,D_006,LOUD NOISE
2022-01-06T13:10:00,D_014,LOUD NOISE
2022-01-06T13:30:00,D_002,LOUD NOISE
2022-01-06T13:30:00,D_005,LOUD NOISE
2022-01-06T13:40:00,D_007,LOUD NOISE
2022-01-06T14:20:00,D_002,LOUD NOISE
2022-01-06T14:30:00,D_009,LOUD NOISE
2022-01-06T14:40:00,D_005,LOUD NOISE
2022-01-06T14:50:00,D_007,LOUD NOISE
2022-01-06T14:50:00,D_013,LOUD NOISE
2022-01-06T15:00:00,D_006,LOUD NOISE
2022-01-06T15:40:00,D_008,LOUD NOISE
2022-01-06T15:50:00,D_011,LOUD NOISE
2022-01-07T08:00:00,D_001,LOUD NOISE
2022-01-07T08:30:00,D_003,LOUD NOISE
2022-01-07T09:10:00,D_004,LOUD NOISE
2022-01-07T09:10:00,D_006,LOUD NOISE
2022-01-07T09:10:00,D_010,LOUD NOISE
2022-01-07T09:30:00,D_008,LOUD NOISE
2022-01-07T09:40:00,D_008,LOUD NOISE
2022-01-07T09:50:00,D_011,LOUD NOISE
2022-01-07T10:00:00,D_009,LOUD NOISE
2022-01-07T10:10:00,D_000,LOUD NOISE
2022-01-07T10:10:00,D_010,LOUD NOISE
2022-01-07T10:10:00,D_012,LOUD NOISE
2022-01-07T10:20:00,D_010,LOUD NOISE
2022-01-07T10:30:00,D_012,LOUD NOISE
2022-01-07T10:40:00,D_009,LOUD NOISE
2022-01-07T11:00:00,D_014,LOUD NOISE
2022-01-07T11:40:00,D_008,LOUD NOISE
2022-01-07T11:50:00,D_006,LOUD NOISE
2022-01-07T11:50:00,D_009,LOUD NOISE
2022-01-07T11:50:00,D_013,LOUD NOISE
2022-01-07T12:00:00,D_010,LOUD NOISE
2022-01-07T12:00:00,D_014,LOUD NOISE
2022-01-07T12:10:00,D_003,LOUD NOISE
2022-01-07T12:20:00,D_003,LOUD NOISE
2022-01-07T12:40:00,D_014,LOUD NOISE
2022-01-07T12:50:00,D_012,LOUD NOISE
2022-01-07T13:00:00,D_009,LOUD NOISE
2022-01-07T13:10:00,D_009,LOUD NOISE
2022-01-07T13:40:00,D_003,LOUD NOISE
2022-01-07T13:50:00,D_004,LOUD NOISE
2022-01-07T14:10:00,D_008,LOUD NOISE
2022-01-07T15:00:00,D_002,LOUD NOISE
2022-01-07T15:10:00,D_006,LOUD NOISE
2022-01-07T15:10:00,D_012,LOUD NOISE
2022-01-07T15:20:00,D_008,LOUD NOISE
2022-01-07T15:50:00,D_009,LOUD NOISE
2022-01-08T08:00:00,D_004,LOUD NOISE
2022-01-08T08:00:00,D_008,LOUD NOISE
2022-01-08T08:30:00,D_008,LOUD NOISE
2022-01-08T08:50:00,D_009,LOUD NOISE
2022-01-08T09:40:00,D_011,LOUD NOISE
2022-01-08T10:00:00,D_012,LOUD NOISE
2022-01-08T10:10:00,D_000,LOUD NOISE
2022-01-08T10:10:00,D_005,LOUD NOISE
2022-01-08T10:20:00,D_009,LOUD NOISE
2022-01-08T10:30:00,D_009,LOUD NOISE
2022-01-08T10:30:00,D_010,LOUD NOISE
2022-01-08T10:40:00,D_009,LOUD NOISE
2022-01-08T10:50:00,D_008,LOUD NOISE
2022-01-08T11:20:00,D_009,LOUD NOISE
2022-01-08T11:40:00,D_014,LOUD NOISE
2022-01-08T12:00:00,D_007,LOUD NOISE
2022-01-08T12:10:00,D_009,LOUD NOISE
2022-01-08T12:10:00,D_010,LOUD NOISE
2022-01-08T12:10:00,D_014,VERY LOUD NOISE
2022-01-08T12:20:00,D_009,LOUD NOISE
2022-01-08T12:30:00,D_004,LOUD NOISE
2022-01-08T12:30:00,D_011,LOUD NOISE
2022-01-08T12:50:00,D_009,LOUD NOISE
2022-01-08T13:10:00,D_012,LOUD NOISE
2022-01-08T13:50:00,D_012,LOUD NOISE
2022-01-08T14:10:00,D_011,LOUD NOISE
2022-01-08T14:10:00,D_015,LOUD NOISE
2022-01-08T14:20:00,D_009,LOUD NOISE
2022-01-08T14:30:00,D_012,LOUD NOISE
2022-01-08T14:50:00,D_006,LOUD NOISE
2022-01-08T15:00:00,D_004,LOUD NOISE
2022-01-08T15:10:00,D_012,LOUD NOISE
2022-01-08T15:20:00,D_012,LOUD NOISE
2022-01-08T15:40:00,D_006,LOUD NOISE
2022-01-08T15:50:00,D_012,LOUD NOISE
2022-01-10T08:00:00,D_009,LOUD NOISE
2022-01-10T08:10:00,D_008,LOUD NOISE
2022-01-10T08:40:00,D_010,LOUD NOISE
2022-01-10T08:40:00,D_014,LOUD NOISE
2022-01-10T09:00:00,D_009,LOUD NOISE
2022-01-10T09:00:00,D_012,LOUD NOISE
2022-01-10T09:10:00,D_006,LOUD NOISE
2022-01-10T09:20:00,D_008,LOUD NOISE
2022-01-10T09:20:00,D_012,LOUD NOISE
2022-01-10T09:40:00,D_010,LOUD NOISE
2022-01-10T09:40:00,D_014,LOUD NOISE
2022-01-10T09:50:00,D_004,LOUD NOISE
2022-01-10T10:00:00,D_009,LOUD NOISE
2022-01-10T10:20:00,D_014,LOUD NOISE
2022-01-10T10:40:00,D_014,LOUD NOISE
2022-01-10T11:00:00,D_012,LOUD NOISE
2022-01-10T11:10:00,D_014,LOUD NOISE
2022-01-10T11:20:00,D_006,LOUD NOISE
2022-01-10T11:20:00,D_012,LOUD NOISE
2022-01-10T11:30:00,D_011,LOUD NOISE
2022-01-10T11:50:00,D_009,LOUD NOISE
2022-01-10T12:10:00,D_003,LOUD NOISE
2022-01-10T12:20:00,D_000,LOUD NOISE
2022-01-10T12:40:00,D_010,LOUD NOISE
2022-01-10T12:40:00,D_011,LOUD NOISE
2022-01-10T12:50:00,D_012,LOUD NOISE
2022-01-10T13:00:00,D_003,LOUD NOISE
2022-01-10T13:00:00,D_006,LOUD NOISE
2022-01-10T13:10:00,D_012,LOUD NOISE
2022-01-10T13:20:00,D_001,LOUD NOISE
2022-01-10T13:40:00,D_006,LOUD NOISE
2022-01-10T13:40:00,D_012,LOUD NOISE
2022-01-10T13:50:00,D_014,LOUD NOISE
2022-01-10T14:00:00,D_008,LOUD NOISE
2022-01-10T14:10:00,D_007,LOUD NOISE
2022-01-10T14:10:00,D_012,LOUD NOISE
2022-01-10T14:30:00,D_009,LOUD NOISE
2022-01-10T14:40:00,D_004,LOUD NOISE
2022-01-10T15:00:00,D_009,LOUD NOISE
2022-01-10T15:10:00,D_001,LOUD NOISE
2022-01-10T15:10:00,D_013,LOUD NOISE
2022-01-10T15:20:00,D_004,LOUD NOISE
2022-01-10T15:20:00,D_010,LOUD NOISE
2022-01-10T15:50:00,D_004,LOUD NOISE
2022-01-11T08:10:00,D_007,LOUD NOISE
2022-01-11T08:40:00,D_005,LOUD NOISE
2022-01-11T08:40:00,D_014,LOUD NOISE
2022-01-11T08:50:00,D_010,LOUD NOISE
2022-01-11T09:00:00,D_009,LOUD NOISE
2022-01-11T09:20:00,D_014,LOUD NOISE
2022-01-11T09:30:00,D_004,LOUD NOISE
2022-01-11T09:30:00,D_009,LOUD NOISE
2022-01-11T09:30:00,D_010,VERY LOUD NOISE
2022-01-11T09:40:00,D_006,LOUD NOISE
2022-01-11T09:40:00,D_011,LOUD NOISE
2022-01-11T09:40:00,D_012,LOUD NOISE
2022-01-11T09:50:00,D_008,LOUD NOISE
2022-01-11T10:10:00,D_003,LOUD NOISE
2022-01-11T10:20:00,D_012,LOUD NOISE
2022-01-11T10:20:00,D_013,LOUD NOISE
2022-01-11T10:40:00,D_000,LOUD NOISE
2022-01-11T11:00:00,D_009,LOUD NOISE
2022-01-11T11:10:00,D_002,VERY LOUD NOISE
2022-01-11T11:10:00,D_007,LOUD NOISE
2022-01-11T11:10:00,D_009,LOUD NOISE
2022-01-11T11:10:00,D_010,LOUD NOISE
2022-01-11T11:30:00,D_010,LOUD NOISE
2022-01-11T11:50:00,D_006,LOUD NOISE
2022-01-11T11:50:00,D_012,LOUD NOISE
2022-01-11T12:00:00,D_008,LOUD NOISE
2022-01-11T12:00:00,D_009,LOUD NOISE
2022-01-11T12:00:00,D_013,LOUD NOISE
2022-01-11T12:10:00,D_009,LOUD NOISE
2022-01-11T12:10:00,D_010,LOUD NOISE
2022-01-11T12:10:00,D_012,LOUD NOISE
2022-01-11T12:10:00,D_014,LOUD NOISE
2022-01-11T12:20:00,D_012,LOUD NOISE
2022-01-11T12:40:00,D_003,LOUD NOISE
2022-01-11T12:40:00,D_006,LOUD NOISE
2022-01-11T13:00:00,D_008,LOUD NOISE
2022-01-11T13:10:00,D_009,LOUD NOISE
2022-01-11T13:20:00,D_008,LOUD NOISE
2022-01-11T13:30:00,D_008,LOUD NOISE
2022-01-11T13:40:00,D_008,LOUD NOISE
2022-01-11T13:40:00,D_009,LOUD NOISE
2022-01-11T13:50:00,D_002,LOUD NOISE
2022-01-11T13:50:00,D_012,LOUD NOISE
2022-01-11T14:00:00,D_013,LOUD NOISE
2022-01-11T14:10:00,D_009,LOUD NOISE
2022-01-11T14:10:00,D_014,LOUD NOISE
2022-01-11T14:20:00,D_012,VERY LOUD NOISE
2022-01-11T14:20:00,D_014,LOUD NOISE
2022-01-11T14:30:00,D_000,LOUD NOISE
2022-01-11T14:30:00,D_007,LOUD NOISE
2022-01-11T14:40:00,D_000,LOUD NOISE
2022-01-11T14:40:00,D_007,LOUD NOISE
2022-01-11T14:40:00,D_010,LOUD NOISE
2022-01-11T14:40:00,D_011,LOUD NOISE
2022-01-11T14:50:00,D_014,LOUD NOISE
2022-01-11T15:00:00,D_003,LOUD NOISE
2022-01-11T15:10:00,D_008,LOUD NOISE
2022-01-11T15:10:00,D_010,LOUD NOISE
2022-01-11T15:10:00,D_012,LOUD NOISE
2022-01-12T08:00:00,D_006,LOUD NOISE
2022-01-12T08:30:00,D_009,LOUD NOISE
2022-01-12T08:30:00,D_013,LOUD NOISE
2022-01-12T08:40:00,D_008,LOUD NOISE
2022-01-12T08:40:00,D_012,LOUD NOISE
2022-01-12T09:00:00,D_004,LOUD NOISE
2022-01-12T09:00:00,D_009,LOUD NOISE
2022-01-12T09:00:00,D_010,LOUD NOISE
2022-01-12T09:10:00,D_009,LOUD NOISE
2022-01-12T09:10:00,D_012,LOUD NOISE
2022-01-12T09:20:00,D_009,LOUD NOISE
2022-01-12T09:20:00,D_015,LOUD NOISE
2022-01-12T09:40:00,D_011,LOUD NOISE
2022-01-12T10:10:00,D_000,LOUD NOISE
2022-01-12T10:40:00,D_005,LOUD NOISE
2022-01-12T10:40:00,D_009,LOUD NOISE
2022-01-12T10:40:00,D_010,LOUD NOISE
2022-01-12T10:50:00,D_014,LOUD NOISE
2022-01-12T11:00:00,D_004,LOUD NOISE
2022-01-12T11:00:00,D_011,LOUD NOISE
2022-01-12T11:00:00,D_014,LOUD NOISE
2022-01-12T11:20:00,D_000,LOUD NOISE
2022-01-12T11:30:00,D_013,LOUD NOISE
2022-01-12T11:40:00,D_002,LOUD NOISE
2022-01-12T11:40:00,D_009,LOUD NOISE
2022-01-12T12:00:00,D_004,LOUD NOISE
2022-01-12T12:10:00,D_000,LOUD NOISE
2022-01-12T12:20:00,D_006,LOUD NOISE
2022-01-12T12:30:00,D_002,LOUD NOISE
2022-01-12T12:30:00,D_009,LOUD NOISE
2022-01-12T12:50:00,D_000,LOUD NOISE
2022-01-12T12:50:00,D_014,LOUD NOISE
2022-01-12T13:00:00,D_013,LOUD NOISE
2022-01-12T13:10:00,D_003,LOUD NOISE
2022-01-12T13:30:00,D_003,LOUD NOISE
2022-01-12T14:00:00,D_009,LOUD NOISE
2022-01-12T14:00:00,D_011,LOUD NOISE
2022-01-12T14:10:00,D_015,LOUD NOISE
2022-01-12T14:30:00,D_008,LOUD NOISE
2022-01-12T14:40:00,D_009,LOUD NOISE
2022-01-12T14:50:00,D_000,LOUD NOISE
2022-01-12T15:10:00,D_000,LOUD NOISE
2022-01-12T15:10:00,D_015,LOUD NOISE
2022-01-12T15:30:00,D_001,LOUD NOISE
2022-01-12T15:40:00,D_000,LOUD NOISE
2022-01-12T15:40:00,D_012,LOUD NOISE
2022-01-13T08:00:00,D_000,LOUD NOISE
2022-01-13T08:10:00,D_011,LOUD NOISE
2022-01-13T09:10:00,D_010,LOUD NOISE
2022-01-13T09:20:00,D_010,LOUD NOISE
2022-01-13T09:20:00,D_012,LOUD NOISE
2022-01-13T09:30:00,D_011,LOUD NOISE
2022-01-13T09:40:00,D_013,LOUD NOISE
2022-01-13T10:10:00,D_009,LOUD NOISE
2022-01-13T10:10:00,D_011,LOUD NOISE
2022-01-13T10:20:00,D_009,LOUD NOISE
2022-01-13T10:40:00,D_000,LOUD NOISE
2022-01-13T10:50:00,D_007,LOUD NOISE
2022-01-13T11:00:00,D_009,LOUD NOISE
2022-01-13T11:10:00,D_012,LOUD NOISE
2022-01-13T11:20:00,D_009,LOUD NOISE
2022-01-13T11:40:00,D_012,LOUD NOISE
2022-01-13T12:00:00,D_013,LOUD NOISE
2022-01-13T12:20:00,D_009,LOUD NOISE
2022-01-13T12:30:00,D_001,LOUD NOISE
2022-01-13T12:30:00,D_008,LOUD NOISE
2022-01-13T12:40:00,D_002,LOUD NOISE
2022-01-13T12:40:00,D_014,LOUD NOISE
2022-01-13T12:50:00,D_010,LOUD NOISE
2022-01-13T13:00:00,D_009,LOUD NOISE
2022-01-13T13:50:00,D_010,LOUD NOISE
2022-01-13T14:10:00,D_009,LOUD NOISE
2022-01-13T14:20:00,D_000,LOUD NOISE
2022-01-13T14:20:00,D_003,LOUD NOISE
2022-01-13T15:00:00,D_012,LOUD NOISE
2022-01-13T15:30:00,D_009,LOUD NOISE
2022-01-13T15:50:00,D_013,LOUD NOISE
2022-01-14T08:00:00,D_008,LOUD NOISE
2022-01-14T08:40:00,D_009,LOUD NOISE
2022-01-14T08:50:00,D_003,LOUD NOISE
2022-01-14T09:10:00,D_003,LOUD NOISE
2022-01-14T09:20:00,D_008,LOUD NOISE
2022-01-14T09:20:00,D_010,LOUD NOISE
2022-01-14T09:30:00,D_002,LOUD NOISE
2022-01-14T09:40:00,D_007,LOUD NOISE
2022-01-14T09:50:00,D_012,LOUD NOISE
2022-01-14T10:10:00,D_011,LOUD NOISE
2022-01-14T10:30:00,D_014,LOUD NOISE
2022-01-14T10:40:00,D_012,LOUD NOISE
2022-01-14T10:50:00,D_009,LOUD NOISE
2022-01-14T11:10:00,D_014,VERY LOUD NOISE
2022-01-14T11:20:00,D_009,LOUD NOISE
2022-01-14T11:20:00,D_010,LOUD NOISE
2022-01-14T11:20:00,D_014,LOUD NOISE
2022-01-14T11:30:00,D_009,LOUD NOISE
2022-01-14T11:40:00,D_003,LOUD NOISE
2022-01-14T11:50:00,D_008,LOUD NOISE
2022-01-14T12:20:00,D_008,LOUD NOISE
2022-01-14T12:30:00,D_006,LOUD NOISE
2022-01-14T12:50:00,D_010,LOUD NOISE
2022-01-14T13:00:00,D_008,LOUD NOISE
2022-01-14T13:00:00,D_012,LOUD NOISE
2022-01-14T13:10:00,D_011,LOUD NOISE
2022-01-14T13:20:00,D_009,LOUD NOISE
2022-01-14T13:30:00,D_012,LOUD NOISE
2022-01-14T13:40:00,D_010,LOUD NOISE
2022-01-14T14:00:00,D_010,LOUD NOISE
2022-01-14T14:10:00,D_011,LOUD NOISE
2022-01-14T14:30:00,D_012,LOUD NOISE
2022-01-14T14:40:00,D_004,LOUD NOISE
2022-01-14T14:40:00,D_008,LOUD NOISE
2022-01-14T14:50:00,D_008,VERY LOUD NOISE
2022-01-14T15:10:00,D_009,LOUD NOISE
2022-01-14T15:30:00,D_006,LOUD NOISE
2022-01-14T15:30:00,D_011,LOUD NOISE
2022-01-14T15:40:00,D_007,LOUD NOISE
2022-01-14T15:50:00,D_008,LOUD NOISE
2022-01-15T08:20:00,D_009,LOUD NOISE
2022-01-15T08:50:00,D_002,LOUD NOISE
2022-01-15T09:10:00,D_008,LOUD NOISE
2022-01-15T09:10:00,D_009,LOUD NOISE
2022-01-15T09:50:00,D_000,LOUD NOISE
2022-01-15T10:00:00,D_010,LOUD NOISE
2022-01-15T10:10:00,D_003,LOUD NOISE
2022-01-15T10:20:00,D_001,LOUD NOISE
2022-01-15T10:20:00,D_015,LOUD NOISE
2022-01-15T10:40:00,D_004,LOUD NOISE
2022-01-15T10:50:00,D_008,VERY LOUD NOISE
2022-01-15T11:10:00,D_003,LOUD NOISE
2022-01-15T11:20:00,D_007,LOUD NOISE
2022-01-15T11:20:00,D_008,LOUD NOISE
2022-01-15T11:20:00,D_011,LOUD NOISE
2022-01-15T11:40:00,D_012,LOUD NOISE
2022-01-15T11:50:00,D_004,LOUD NOISE
2022-01-15T12:00:00,D_009,LOUD NOISE
2022-01-15T13:10:00,D_012,LOUD NOISE
2022-01-15T13:30:00,D_012,LOUD NOISE
2022-01-15T14:10:00,D_008,LOUD NOISE
2022-01-15T14:10:00,D_009,LOUD NOISE
2022-01-15T14:30:00,D_000,LOUD NOISE
2022-01-15T14:30:00,D_014,LOUD NOISE
2022-01-15T14:40:00,D_007,LOUD NOISE
2022-01-15T14:40:00,D_012,LOUD NOISE
2022-01-15T14:50:00,D_005,VERY LOUD NOISE
2022-01-15T14:50:00,D_010,LOUD NOISE
2022-01-15T14:50:00,D_014,LOUD NOISE
2022-01-15T15:00:00,D_010,LOUD NOISE
2022-01-15T15:20:00,D_009,LOUD NOISE
2022-01-15T15:30:00,D_009,LOUD NOISE
2022-01-15T15:30:00,D_012,LOUD NOISE
2022-01-15T15:40:00,D_011,LOUD NOISE
2022-01-15T15:40:00,D_014,LOUD NOISE
2022-01-17T08:00:00,D_004,VERY LOUD NOISE
2022-01-17T08:00:00,D_012,LOUD NOISE
2022-01-17T08:10:00,D_008,LOUD NOISE
2022-01-17T08:30:00,D_003,LOUD NOISE
2022-01-17T08:40:00,D_012,LOUD NOISE
2022-01-17T09:00:00,D_010,LOUD NOISE
2022-01-17T09:30:00,D_008,LOUD NOISE
2022-01-17T09:30:00,D_009,LOUD NOISE
2022-01-17T10:00:00,D_013,LOUD NOISE
2022-01-17T10:20:00,D_009,LOUD NOISE
2022-01-17T10:40:00,D_008,LOUD NOISE
2022-01-17T11:00:00,D_011,LOUD NOISE
2022-01-17T11:00:00,D_012,LOUD NOISE
2022-01-17T11:10:00,D_002,LOUD NOISE
2022-01-17T11:10:00,D_014,LOUD NOISE
2022-01-17T11:40:00,D_013,LOUD NOISE
2022-01-17T12:20:00,D_002,LOUD NOISE
2022-01-17T12:20:00,D_012,LOUD NOISE
2022-01-17T12:40:00,D_012,LOUD NOISE
2022-01-17T12:50:00,D_012,LOUD NOISE
2022-01-17T12:50:00,D_013,LOUD NOISE
2022-01-17T13:00:00,D_000,LOUD NOISE
2022-01-17T13:00:00,D_013,LOUD NOISE
2022-01-17T13:30:00,D_009,LOUD NOISE
2022-01-17T13:40:00,D_010,LOUD NOISE
2022-01-17T14:10:00,D_014,LOUD NOISE
2022-01-17T14:20:00,D_000,LOUD NOISE
2022-01-17T14:20:00,D_006,LOUD NOISE
2022-01-17T14:20:00,D_010,LOUD NOISE
2022-01-17T14:30:00,D_009,LOUD NOISE
2022-01-17T15:40:00,D_000,LOUD NOISE
2022-01-17T15:40:00,D_011,LOUD NOISE
2022-01-17T15:50:00,D_009,LOUD NOISE
2022-01-18T08:40:00,D_000,LOUD NOISE
2022-01-18T08:40:00,D_001,LOUD NOISE
2022-01-18T09:00:00,D_005,LOUD NOISE
2022-01-18T09:00:00,D_012,LOUD NOISE
2022-01-18T09:20:00,D_014,LOUD NOISE
2022-01-18T09:30:00,D_002,LOUD NOISE
2022-01-18T09:40:00,D_009,LOUD NOISE
2022-01-18T10:00:00,D_012,LOUD NOISE
2022-01-18T10:20:00,D_000,LOUD NOISE
2022-01-18T10:20:00,D_010,LOUD NOISE
2022-01-18T10:20:00,D_011,LOUD NOISE
2022-01-18T10:30:00,D_002,LOUD NOISE
2022-01-18T10:30:00,D_008,LOUD NOISE
2022-01-18T11:00:00,D_012,LOUD NOISE
2022-01-18T11:10:00,D_008,LOUD NOISE
2022-01-18T11:10:00,D_010,LOUD NOISE
2022-01-18T11:10:00,D_011,LOUD NOISE
2022-01-18T11:20:00,D_009,LOUD NOISE
2022-01-18T11:20:00,D_010,LOUD NOISE
2022-01-18T11:40:00,D_000,VERY LOUD NOISE
2022-01-18T11:40:00,D_012,VERY LOUD NOISE
2022-01-18T12:30:00,D_010,LOUD NOISE
2022-01-18T12:30:00,D_012,LOUD NOISE
2022-01-18T12:30:00,D_014,LOUD NOISE
2022-01-18T12:40:00,D_012,LOUD NOISE
2022-01-18T13:00:00,D_000,LOUD NOISE
2022-01-18T13:00:00,D_009,LOUD NOISE
2022-01-18T13:20:00,D_010,LOUD NOISE
2022-01-18T13:40:00,D_000,LOUD NOISE
2022-01-18T14:00:00,D_006,LOUD NOISE
2022-01-18T14:00:00,D_012,LOUD NOISE
2022-01-18T14:10:00,D_009,LOUD NOISE
2022-01-18T14:30:00,D_004,LOUD NOISE
2022-01-18T14:30:00,D_005,LOUD NOISE
2022-01-18T14:40:00,D_014,LOUD NOISE
2022-01-18T15:50:00,D_009,LOUD NOISE
2022-01-18T15:50:00,D_010,LOUD NOISE
2022-01-19T08:10:00,D_012,LOUD NOISE
2022-01-19T08:20:00,D_010,LOUD NOISE
2022-01-19T08:20:00,D_014,LOUD NOISE
2022-01-19T09:00:00,D_004,LOUD NOISE
2022-01-19T09:00:00,D_008,LOUD NOISE
2022-01-19T09:00:00,D_014,LOUD NOISE
2022-01-19T09:30:00,D_014,LOUD NOISE
2022-01-19T09:40:00,D_014,LOUD NOISE
2022-01-19T10:00:00,D_008,LOUD NOISE
2022-01-19T10:00:00,D_014,LOUD NOISE
2022-01-19T10:20:00,D_008,LOUD NOISE
2022-01-19T10:50:00,D_011,LOUD NOISE
2022-01-19T11:00:00,D_005,LOUD NOISE
2022-01-19T11:10:00,D_000,LOUD NOISE
2022-01-19T11:20:00,D_004,LOUD NOISE
2022-01-19T11:30:00,D_009,LOUD NOISE
2022-01-19T11:50:00,D_008,LOUD NOISE
2022-01-19T11:50:00,D_009,LOUD NOISE
2022-01-19T12:00:00,D_009,LOUD NOISE
2022-01-19T12:10:00,D_000,LOUD NOISE
2022-01-19T12:10:00,D_012,LOUD NOISE
2022-01-19T12:10:00,D_014,LOUD NOISE
2022-01-19T12:20:00,D_008,LOUD NOISE
2022-01-19T12:40:00,D_009,LOUD NOISE
2022-01-19T13:00:00,D_000,LOUD NOISE
2022-01-19T13:10:00,D_000,LOUD NOISE
2022-01-19T13:30:00,D_008,LOUD NOISE
2022-01-19T13:40:00,D_004,LOUD NOISE
2022-01-19T13:40:00,D_010,LOUD NOISE
2022-01-19T14:00:00,D_004,LOUD NOISE
2022-01-19T14:00:00,D_008,LOUD NOISE
2022-01-19T14:10:00,D_009,LOUD NOISE
2022-01-19T14:30:00,D_003,LOUD NOISE
2022-01-19T14:30:00,D_014,LOUD NOISE
2022-01-19T14:40:00,D_009,LOUD NOISE
2022-01-19T15:00:00,D_013,LOUD NOISE
2022-01-19T15:10:00,D_003,LOUD NOISE
2022-01-19T15:20:00,D_009,LOUD NOISE
2022-01-19T15:40:00,D_012,LOUD NOISE
2022-01-20T08:10:00,D_010,LOUD NOISE
2022-01-20T08:10:00,D_014,LOUD NOISE
2022-01-20T08:20:00,D_009,LOUD NOISE
2022-01-20T08:40:00,D_000,LOUD NOISE
2022-01-20T08:40:00,D_003,LOUD NOISE
2022-01-20T08:50:00,D_002,LOUD NOISE
2022-01-20T09:00:00,D_000,LOUD NOISE
2022-01-20T09:20:00,D_002,LOUD NOISE
2022-01-20T09:30:00,D_000,LOUD NOISE
2022-01-20T09:30:00,D_008,LOUD NOISE
2022-01-20T09:50:00,D_002,LOUD NOISE
2022-01-20T10:00:00,D_009,LOUD NOISE
2022-01-20T10:00:00,D_013,LOUD NOISE
2022-01-20T10:10:00,D_002,LOUD NOISE
2022-01-20T10:20:00,D_006,LOUD NOISE
2022-01-20T10:20:00,D_009,LOUD NOISE
2022-01-20T10:40:00,D_002,LOUD NOISE
2022-01-20T10:50:00,D_014,LOUD NOISE
2022-01-20T11:10:00,D_012,LOUD NOISE
2022-01-20T11:20:00,D_010,LOUD NOISE
2022-01-20T11:30:00,D_003,LOUD NOISE
2022-01-20T11:30:00,D_006,LOUD NOISE
2022-01-20T11:50:00,D_013,LOUD NOISE
2022-01-20T12:00:00,D_003,VERY LOUD NOISE
2022-01-20T12:00:00,D_009,LOUD NOISE
2022-01-20T12:20:00,D_013,LOUD NOISE
2022-01-20T12:40:00,D_009,LOUD NOISE
2022-01-20T12:40:00,D_010,LOUD NOISE
2022-01-20T12:50:00,D_010,LOUD NOISE
2022-01-20T13:50:00,D_000,LOUD NOISE
2022-01-20T14:10:00,D_009,LOUD NOISE
2022-01-20T14:20:00,D_009,LOUD NOISE
2022-01-20T14:30:00,D_008,VERY LOUD NOISE
2022-01-20T14:40:00,D_008,LOUD NOISE
2022-01-20T15:00:00,D_008,LOUD NOISE
2022-01-20T15:00:00,D_009,LOUD NOISE
2022-01-20T15:00:00,D_011,LOUD NOISE
2022-01-20T15:00:00,D_012,LOUD NOISE
2022-01-20T15:10:00,D_003,LOUD NOISE
2022-01-20T15:10:00,D_011,LOUD NOISE
2022-01-20T15:30:00,D_000,LOUD NOISE
2022-01-20T15:30:00,D_006,LOUD NOISE
2022-01-20T15:50:00,D_012,LOUD NOISE
2022-01-21T08:00:00,D_000,LOUD NOISE
2022-01-21T08:00:00,D_008,LOUD NOISE
2022-01-21T08:20:00,D_009,LOUD NOISE
2022-01-21T08:20:00,D_013,LOUD NOISE
2022-01-21T08:40:00,D_014,LOUD NOISE
2022-01-21T08:50:00,D_006,LOUD NOISE
2022-01-21T09:00:00,D_014,LOUD NOISE
2022-01-21T09:40:00,D_003,LOUD NOISE
2022-01-21T09:50:00,D_008,LOUD NOISE
2022-01-21T10:00:00,D_003,LOUD NOISE
2022-01-21T10:10:00,D_012,LOUD NOISE
2022-01-21T10:10:00,D_014,VERY LOUD NOISE
2022-01-21T10:50:00,D_008,LOUD NOISE
2022-01-21T11:10:00,D_013,LOUD NOISE
2022-01-21T11:20:00,D_000,LOUD NOISE
2022-01-21T11:50:00,D_012,LOUD NOISE
2022-01-21T12:10:00,D_004,LOUD NOISE
2022-01-21T12:10:00,D_009,LOUD NOISE
2022-01-21T12:20:00,D_008,LOUD NOISE
2022-01-21T12:30:00,D_009,LOUD NOISE
2022-01-21T12:30:00,D_012,LOUD NOISE
2022-01-21T12:40:00,D_010,LOUD NOISE
2022-01-21T12:50:00,D_009,LOUD NOISE
2022-01-21T12:50:00,D_010,LOUD NOISE
2022-01-21T13:00:00,D_013,LOUD NOISE
2022-01-21T13:20:00,D_012,LOUD NOISE
2022-01-21T13:50:00,D_009,LOUD NOISE
2022-01-21T14:10:00,D_010,LOUD NOISE
2022-01-21T14:20:00,D_009,LOUD NOISE
2022-01-21T14:30:00,D_013,VERY LOUD NOISE
2022-01-21T14:40:00,D_006,LOUD NOISE
2022-01-21T14:40:00,D_009,LOUD NOISE
2022-01-21T14:40:00,D_012,LOUD NOISE
2022-01-21T14:50:00,D_009,LOUD NOISE
2022-01-21T15:00:00,D_012,LOUD NOISE
2022-01-21T15:10:00,D_004,LOUD NOISE
2022-01-21T15:20:00,D_012,VERY LOUD NOISE
2022-01-21T15:50:00,D_004,LOUD NOISE
2022-01-21T15:50:00,D_010,LOUD NOISE
2022-01-22T08:30:00,D_000,LOUD NOISE
2022-01-22T08:30:00,D_004,LOUD NOISE
2022-01-22T08:50:00,D_014,LOUD NOISE
2022-01-22T09:10:00,D_010,LOUD NOISE
2022-01-22T09:20:00,D_005,LOUD NOISE
2022-01-22T10:00:00,D_000,LOUD NOISE
2022-01-22T10:10:00,D_002,LOUD NOISE
2022-01-22T11:00:00,D_003,LOUD NOISE
2022-01-22T11:10:00,D_014,LOUD NOISE
2022-01-22T11:20:00,D_004,LOUD NOISE
2022-01-22T11:40:00,D_013,LOUD NOISE
2022-01-22T12:30:00,D_000,LOUD NOISE
2022-01-22T12:40:00,D_000,LOUD NOISE
2022-01-22T12:40:00,D_014,LOUD NOISE
2022-01-22T12:50:00,D_004,LOUD NOISE
2022-01-22T12:50:00,D_010,LOUD NOISE
2022-01-22T13:40:00,D_009,LOUD NOISE
2022-01-22T13:50:00,D_008,LOUD NOISE
2022-01-22T14:00:00,D_011,LOUD NOISE
2022-01-22T14:00:00,D_014,LOUD NOISE
2022-01-22T14:20:00,D_004,LOUD NOISE
2022-01-22T14:30:00,D_009,LOUD NOISE
2022-01-22T14:40:00,D_010,LOUD NOISE
2022-01-22T15:10:00,D_004,LOUD NOISE
2022-01-22T15:10:00,D_008,LOUD NOISE
2022-01-22T15:20:00,D_009,LOUD NOISE
2022-01-22T15:30:00,D_009,LOUD NOISE
2022-01-22T15:40:00,D_013,LOUD NOISE
2022-01-24T08:00:00,D_001,LOUD NOISE
2022-01-24T08:00:00,D_002,LOUD NOISE
2022-01-24T08:00:00,D_005,LOUD NOISE
2022-01-24T08:00:00,D_008,LOUD NOISE
2022-01-24T08:10:00,D_009,LOUD NOISE
2022-01-24T08:20:00,D_008,LOUD NOISE
2022-01-24T08:30:00,D_003,LOUD NOISE
2022-01-24T08:30:00,D_004,LOUD NOISE
2022-01-24T08:50:00,D_006,LOUD NOISE
2022-01-24T08:50:00,D_008,LOUD NOISE
2022-01-24T09:20:00,D_008,LOUD NOISE
2022-01-24T09:40:00,D_009,LOUD NOISE
2022-01-24T09:40:00,D_012,LOUD NOISE
2022-01-24T09:50:00,D_008,LOUD NOISE
2022-01-24T10:00:00,D_009,LOUD NOISE
2022-01-24T10:30:00,D_008,LOUD NOISE
2022-01-24T10:30:00,D_009,LOUD NOISE
2022-01-24T10:30:00,D_011,LOUD NOISE
2022-01-24T10:40:00,D_003,LOUD NOISE
2022-01-24T10:50:00,D_001,LOUD NOISE
2022-01-24T10:50:00,D_009,LOUD NOISE
2022-01-24T11:00:00,D_009,VERY LOUD NOISE
2022-01-24T11:10:00,D_010,LOUD NOISE
2022-01-24T11:20:00,D_009,LOUD NOISE
2022-01-24T11:50:00,D_004,LOUD NOISE
2022-01-24T11:50:00,D_009,LOUD NOISE
2022-01-24T12:00:00,D_000,LOUD NOISE
2022-01-24T12:10:00,D_012,LOUD NOISE
2022-01-24T12:20:00,D_000,VERY LOUD NOISE
2022-01-24T12:20:00,D_009,LOUD NOISE
2022-01-24T12:30:00,D_000,LOUD NOISE
2022-01-24T12:40:00,D_010,LOUD NOISE
2022-01-24T12:40:00,D_014,VERY LOUD NOISE
2022-01-24T12:50:00,D_009,LOUD NOISE
2022-01-24T12:50:00,D_013,LOUD NOISE
2022-01-24T13:00:00,D_009,LOUD NOISE
2022-01-24T13:00:00,D_012,LOUD NOISE
2022-01-24T13:10:00,D_001,LOUD NOISE
2022-01-24T13:40:00,D_000,LOUD NOISE
2022-01-24T14:00:00,D_012,LOUD NOISE
2022-01-24T14:20:00,D_009,LOUD NOISE
2022-01-24T14:20:00,D_010,LOUD NOISE
2022-01-24T14:30:00,D_003,LOUD NOISE
2022-01-24T15:10:00,D_015,LOUD NOISE
2022-01-24T15:20:00,D_009,LOUD NOISE
2022-01-24T15:30:00,D_009,LOUD NOISE
2022-01-24T15:50:00,D_000,LOUD NOISE
2022-01-25T08:10:00,D_005,LOUD NOISE
2022-01-25T08:10:00,D_009,LOUD NOISE
2022-01-25T08:20:00,D_010,LOUD NOISE
2022-01-25T08:30:00,D_012,LOUD NOISE
2022-01-25T08:40:00,D_011,LOUD NOISE
2022-01-25T08:50:00,D_010,LOUD NOISE
2022-01-25T09:10:00,D_006,LOUD NOISE
2022-01-25T09:40:00,D_006,LOUD NOISE
2022-01-25T09:50:00,D_010,LOUD NOISE
2022-01-25T10:10:00,D_009,LOUD NOISE
2022-01-25T10:10:00,D_009,SAFETY SHUTDOWN
2022-01-25T10:10:00,D_009,POWER OFF
2022-01-25T10:20:00,D_002,LOUD NOISE
2022-01-25T10:30:00,D_002,LOUD NOISE
2022-01-25T11:00:00,D_004,LOUD NOISE
2022-01-25T11:20:00,D_003,LOUD NOISE
2022-01-25T11:20:00,D_012,LOUD NOISE
2022-01-25T11:30:00,D_012,LOUD NOISE
2022-01-25T12:00:00,D_002,LOUD NOISE
2022-01-25T12:10:00,D_013,LOUD NOISE
2022-01-25T13:00:00,D_006,LOUD NOISE
2022-01-25T13:20:00,D_004,LOUD NOISE
2022-01-25T13:40:00,D_012,LOUD NOISE
2022-01-25T14:00:00,D_015,LOUD NOISE
2022-01-25T14:20:00,D_011,LOUD NOISE
2022-01-25T15:00:00,D_004,LOUD NOISE
2022-01-25T15:30:00,D_013,LOUD NOISE
2022-01-25T15:40:00,D_006,LOUD NOISE
2022-01-26T08:00:00,D_009,BROKEN MACHINE
2022-01-26T08:10:00,D_003,LOUD NOISE
2022-01-26T08:10:00,D_008,LOUD NOISE
2022-01-26T08:30:00,D_006,LOUD NOISE
2022-01-26T09:50:00,D_006,LOUD NOISE
2022-01-26T10:00:00,D_008,LOUD NOISE
2022-01-26T10:20:00,D_010,LOUD NOISE
2022-01-26T10:20:00,D_014,LOUD NOISE
2022-01-26T11:20:00,D_000,LOUD NOISE
2022-01-26T12:00:00,D_012,LOUD NOISE
2022-01-26T13:10:00,D_002,LOUD NOISE
2022-01-26T13:30:00,D_005,LOUD NOISE
2022-01-26T13:40:00,D_010,LOUD NOISE
2022-01-26T13:50:00,D_007,LOUD NOISE
2022-01-26T14:20:00,D_006,LOUD NOISE
2022-01-26T15:00:00,D_001,LOUD NOISE
2022-01-26T15:00:00,D_004,LOUD NOISE
2022-01-27T08:00:00,D_012,LOUD NOISE
2022-01-27T08:10:00,D_013,LOUD NOISE
2022-01-27T08:10:00,D_014,LOUD NOISE
2022-01-27T08:20:00,D_008,LOUD NOISE
2022-01-27T08:30:00,D_004,LOUD NOISE
2022-01-27T08:30:00,D_013,LOUD NOISE
2022-01-27T08:40:00,D_006,LOUD NOISE
2022-01-27T09:30:00,D_007,LOUD NOISE
2022-01-27T09:50:00,D_002,LOUD NOISE
2022-01-27T10:20:00,D_000,LOUD NOISE
2022-01-27T10:20:00,D_012,LOUD NOISE
2022-01-27T10:30:00,D_004,LOUD NOISE
2022-01-27T11:10:00,D_008,LOUD NOISE
2022-01-27T11:20:00,D_014,LOUD NOISE
2022-01-27T11:40:00,D_007,LOUD NOISE
2022-01-27T11:50:00,D_000,LOUD NOISE
2022-01-27T12:00:00,D_002,LOUD NOISE
2022-01-27T12:20:00,D_005,LOUD NOISE
2022-01-27T12:20:00,D_012,LOUD NOISE
2022-01-27T12:30:00,D_002,LOUD NOISE
2022-01-27T12:50:00,D_002,LOUD NOISE
2022-01-27T12:50:00,D_012,LOUD NOISE
2022-01-27T13:10:00,D_008,LOUD NOISE
2022-01-27T13:40:00,D_010,LOUD NOISE
2022-01-27T14:30:00,D_003,LOUD NOISE
2022-01-27T14:30:00,D_011,LOUD NOISE
2022-01-27T15:00:00,D_001,LOUD NOISE
2022-01-27T15:00:00,D_010,LOUD NOISE
2022-01-27T15:10:00,D_000,LOUD NOISE
2022-01-27T15:30:00,D_010,LOUD NOISE
2022-01-28T08:00:00,D_013,LOUD NOISE
2022-01-28T08:10:00,D_010,LOUD NOISE
2022-01-28T08:20:00,D_004,LOUD NOISE
2022-01-28T08:30:00,D_006,LOUD NOISE
2022-01-28T08:40:00,D_010,LOUD NOISE
2022-01-28T09:20:00,D_003,LOUD NOISE
2022-01-28T09:20:00,D_013,LOUD NOISE
2022-01-28T09:20:00,D_015,LOUD NOISE
2022-01-28T09:50:00,D_012,LOUD NOISE
2022-01-28T10:10:00,D_014,LOUD NOISE
2022-01-28T10:20:00,D_001,LOUD NOISE
2022-01-28T10:30:00,D_005,LOUD NOISE
2022-01-28T10:40:00,D_008,LOUD NOISE
2022-01-28T11:30:00,D_011,LOUD NOISE
2022-01-28T12:00:00,D_005,LOUD NOISE
2022-01-28T12:00:00,D_010,LOUD NOISE
2022-01-28T12:20:00,D_005,LOUD NOISE
2022-01-28T13:00:00,D_004,LOUD NOISE
2022-01-28T13:00:00,D_012,LOUD NOISE
2022-01-28T13:10:00,D_003,LOUD NOISE
2022-01-28T13:10:00,D_004,LOUD NOISE
2022-01-28T13:30:00,D_003,LOUD NOISE
2022-01-28T13:30:00,D_011,LOUD NOISE
2022-01-28T14:00:00,D_005,LOUD NOISE
2022-01-28T14:50:00,D_003,LOUD NOISE
2022-01-28T15:30:00,D_008,LOUD NOISE
2022-01-28T15:30:00,D_010,LOUD NOISE
2022-01-28T15:30:00,D_014,LOUD NOISE
2022-01-29T08:20:00,D_007,LOUD NOISE
2022-01-29T08:40:00,D_014,LOUD NOISE
2022-01-29T08:50:00,D_012,LOUD NOISE
2022-01-29T09:10:00,D_003,LOUD NOISE
2022-01-29T09:20:00,D_012,LOUD NOISE
2022-01-29T09:30:00,D_010,LOUD NOISE
2022-01-29T09:50:00,D_011,LOUD NOISE
2022-01-29T10:50:00,D_000,LOUD NOISE
2022-01-29T10:50:00,D_005,LOUD NOISE
2022-01-29T11:40:00,D_006,LOUD NOISE
2022-01-29T11:40:00,D_015,LOUD NOISE
2022-01-29T12:00:00,D_003,LOUD NOISE
2022-01-29T12:00:00,D_011,LOUD NOISE
2022-01-29T12:10:00,D_003,VERY LOUD NOISE
2022-01-29T12:10:00,D_010,LOUD NOISE
2022-01-29T12:10:00,D_013,LOUD NOISE
2022-01-29T12:20:00,D_010,LOUD NOISE
2022-01-29T12:30:00,D_004,LOUD NOISE
2022-01-29T12:30:00,D_005,LOUD NOISE
2022-01-29T12:30:00,D_012,VERY LOUD NOISE
2022-01-29T13:00:00,D_004,LOUD NOISE
2022-01-29T13:10:00,D_007,LOUD NOISE
2022-01-29T15:20:00,D_013,LOUD NOISE
2022-01-31T08:00:00,D_008,LOUD NOISE
2022-01-31T09:00:00,D_005,LOUD NOISE
2022-01-31T09:10:00,D_012,LOUD NOISE
2022-01-31T09:20:00,D_012,LOUD NOISE
2022-01-31T09:40:00,D_010,LOUD NOISE
2022-01-31T09:50:00,D_006,LOUD NOISE
2022-01-31T10:40:00,D_006,VERY LOUD NOISE
2022-01-31T10:50:00,D_010,VERY LOUD NOISE
2022-01-31T11:10:00,D_012,LOUD NOISE
2022-01-31T11:20:00,D_004,LOUD NOISE
2022-01-31T11:30:00,D_002,LOUD NOISE
2022-01-31T11:30:00,D_014,LOUD NOISE
2022-01-31T11:40:00,D_014,LOUD NOISE
2022-01-31T11:50:00,D_008,LOUD NOISE
2022-01-31T12:20:00,D_010,LOUD NOISE
2022-01-31T12:40:00,D_014,LOUD NOISE
2022-01-31T13:00:00,D_004,LOUD NOISE
2022-01-31T13:50:00,D_008,LOUD NOISE
2022-01-31T13:50:00,D_012,LOUD NOISE
2022-01-31T14:00:00,D_011,LOUD NOISE
2022-01-31T14:20:00,D_002,LOUD NOISE
2022-01-31T14:40:00,D_006,LOUD NOISE
2022-01-31T14:50:00,D_002,LOUD NOISE
2022-01-31T14:50:00,D_008,LOUD NOISE
2022-01-31T15:00:00,D_002,LOUD NOISE
2022-01-31T15:00:00,D_012,LOUD NOISE
2022-01-31T15:10:00,D_000,LOUD NOISE
2022-01-31T15:10:00,D_012,LOUD NOISE
2022-01-31T15:30:00,D_003,LOUD NOISE
2022-01-31T15:40:00,D_000,LOUD NOISE
2022-01-31T15:40:00,D_002,LOUD NOISE
2022-01-31T15:40:00,D_004,LOUD NOISE
2022-02-01T08:10:00,D_012,LOUD NOISE
2022-02-01T09:00:00,D_003,LOUD NOISE
2022-02-01T09:00:00,D_005,LOUD NOISE
2022-02-01T09:00:00,D_014,LOUD NOISE
2022-02-01T10:20:00,D_000,LOUD NOISE
2022-02-01T10:20:00,D_014,LOUD NOISE
2022-02-01T10:40:00,D_013,LOUD NOISE
2022-02-01T11:00:00,D_012,LOUD NOISE
2022-02-01T11:10:00,D_011,LOUD NOISE
2022-02-01T12:00:00,D_012,LOUD NOISE
2022-02-01T12:50:00,D_002,LOUD NOISE
2022-02-01T13:20:00,D_011,LOUD NOISE
2022-02-01T14:10:00,D_001,LOUD NOISE
2022-02-01T15:00:00,D_010,LOUD NOISE
2022-02-01T15:00:00,D_012,LOUD NOISE
2022-02-01T15:30:00,D_013,LOUD NOISE
2022-02-01T15:40:00,D_011,LOUD NOISE
2022-02-01T15:50:00,D_008,LOUD NOISE
2022-02-02T09:00:00,D_005,LOUD NOISE
2022-02-02T09:50:00,D_005,LOUD NOISE
2022-02-02T10:00:00,D_014,LOUD NOISE
2022-02-02T10:40:00,D_000,LOUD NOISE
2022-02-02T11:10:00,D_012,LOUD NOISE
2022-02-02T12:30:00,D_014,LOUD NOISE
2022-02-02T12:30:00,D_015,LOUD NOISE
2022-02-02T12:40:00,D_000,LOUD NOISE
2022-02-02T12:50:00,D_014,LOUD NOISE
2022-02-02T13:00:00,D_000,LOUD NOISE
2022-02-02T13:00:00,D_004,LOUD NOISE
2022-02-02T13:00:00,D_013,LOUD NOISE
2022-02-02T13:20:00,D_012,LOUD NOISE
2022-02-02T13:20:00,D_014,LOUD NOISE
2022-02-02T13:40:00,D_012,LOUD NOISE
2022-02-02T13:50:00,D_013,LOUD NOISE
2022-02-02T14:20:00,D_004,LOUD NOISE
2022-02-02T15:20:00,D_008,LOUD NOISE
2022-02-02T15:20:00,D_012,LOUD NOISE
2022-02-02T15:30:00,D_008,LOUD NOISE
2022-02-02T15:50:00,D_011,LOUD NOISE
2022-02-03T08:10:00,D_012,VERY LOUD NOISE
2022-02-03T08:20:00,D_006,LOUD NOISE
2022-02-03T09:00:00,D_014,LOUD NOISE
2022-02-03T09:30:00,D_004,LOUD NOISE
2022-02-03T09:30:00,D_008,LOUD NOISE
2022-02-03T09:40:00,D_006,LOUD NOISE
2022-02-03T10:50:00,D_003,LOUD NOISE
2022-02-03T11:40:00,D_002,LOUD NOISE
2022-02-03T12:00:00,D_012,LOUD NOISE
2022-02-03T12:10:00,D_004,LOUD NOISE
2022-02-03T12:30:00,D_008,LOUD NOISE
2022-02-03T12:40:00,D_000,LOUD NOISE
2022-02-03T12:50:00,D_002,LOUD NOISE
2022-02-03T13:00:00,D_006,LOUD NOISE
2022-02-03T14:00:00,D_003,LOUD NOISE
2022-02-03T14:20:00,D_006,LOUD NOISE
2022-02-03T15:00:00,D_000,LOUD NOISE
2022-02-03T15:10:00,D_014,LOUD NOISE
2022-02-03T15:40:00,D_012,LOUD NOISE
2022-02-03T15:50:00,D_014,LOUD NOISE
2022-02-04T08:30:00,D_002,LOUD NOISE
2022-02-04T09:20:00,D_003,LOUD NOISE
2022-02-04T09:20:00,D_013,LOUD NOISE
2022-02-04T09:30:00,D_006,LOUD NOISE
2022-02-04T10:00:00,D_002,LOUD NOISE
2022-02-04T10:00:00,D_005,LOUD NOISE
2022-02-04T10:00:00,D_010,LOUD NOISE
2022-02-04T10:00:00,D_013,LOUD NOISE
2022-02-04T10:30:00,D_003,LOUD NOISE
2022-02-04T11:00:00,D_000,LOUD NOISE
2022-02-04T11:00:00,D_013,LOUD NOISE
2022-02-04T11:10:00,D_012,LOUD NOISE
2022-02-04T11:20:00,D_014,LOUD NOISE
2022-02-04T11:30:00,D_004,LOUD NOISE
2022-02-04T11:30:00,D_006,LOUD NOISE
2022-02-04T11:40:00,D_010,LOUD NOISE
2022-02-04T12:00:00,D_012,LOUD NOISE
2022-02-04T12:10:00,D_012,SAFETY SHUTDOWN
2022-02-04T12:10:00,D_012,POWER OFF
2022-02-04T13:20:00,D_004,LOUD NOISE
2022-02-04T13:20:00,D_014,LOUD NOISE
2022-02-04T13:40:00,D_003,LOUD NOISE
2022-02-04T14:30:00,D_007,LOUD NOISE
2022-02-04T14:40:00,D_008,LOUD NOISE
2022-02-04T15:10:00,D_011,LOUD NOISE
2022-02-04T15:50:00,D_010,LOUD NOISE
2022-02-05T08:00:00,D_012,BROKEN MACHINE
2022-02-05T08:50:00,D_006,LOUD NOISE
2022-02-05T09:00:00,D_014,LOUD NOISE
2022-02-05T09:10:00,D_002,LOUD NOISE
2022-02-05T09:20:00,D_001,LOUD NOISE
2022-02-05T09:20:00,D_013,LOUD NOISE
2022-02-05T10:00:00,D_002,LOUD NOISE
2022-02-05T10:10:00,D_014,LOUD NOISE
2022-02-05T10:30:00,D_011,LOUD NOISE
2022-02-05T10:40:00,D_000,LOUD NOISE
2022-02-05T10:40:00,D_003,LOUD NOISE
2022-02-05T11:00:00,D_008,LOUD NOISE
2022-02-05T13:20:00,D_000,LOUD NOISE
2022-02-05T13:30:00,D_000,LOUD NOISE
2022-02-05T14:00:00,D_010,LOUD NOISE
2022-02-05T14:20:00,D_003,LOUD NOISE
2022-02-05T14:20:00,D_005,LOUD NOISE
2022-02-05T14:30:00,D_002,LOUD NOISE
2022-02-05T15:20:00,D_002,LOUD NOISE
2022-02-05T15:30:00,D_000,LOUD NOISE
2022-02-05T15:30:00,D_010,LOUD NOISE
2022-02-05T15:50:00,D_014,LOUD NOISE
2022-02-07T08:40:00,D_001,LOUD NOISE
2022-02-07T08:40:00,D_002,LOUD NOISE
2022-02-07T08:40:00,D_004,LOUD NOISE
2022-02-07T09:10:00,D_011,LOUD NOISE
2022-02-07T09:40:00,D_000,LOUD NOISE
2022-02-07T09:40:00,D_014,LOUD NOISE
2022-02-07T09:50:00,D_011,LOUD NOISE
2022-02-07T10:00:00,D_006,LOUD NOISE
2022-02-07T10:20:00,D_003,LOUD NOISE
2022-02-07T10:30:00,D_002,LOUD NOISE
2022-02-07T10:40:00,D_005,LOUD NOISE
2022-02-07T10:50:00,D_000,LOUD NOISE
2022-02-07T10:50:00,D_003,LOUD NOISE
2022-02-07T11:10:00,D_008,LOUD NOISE
2022-02-07T11:20:00,D_000,LOUD NOISE
2022-02-07T11:30:00,D_003,LOUD NOISE
2022-02-07T12:00:00,D_007,LOUD NOISE
2022-02-07T13:20:00,D_001,VERY LOUD NOISE
2022-02-07T13:40:00,D_006,LOUD NOISE
2022-02-07T13:40:00,D_008,LOUD NOISE
2022-02-07T14:00:00,D_004,LOUD NOISE
2022-02-07T15:10:00,D_013,LOUD NOISE
2022-02-07T15:30:00,D_008,LOUD NOISE
2022-02-07T15:40:00,D_000,LOUD NOISE
2022-02-07T15:50:00,D_005,LOUD NOISE
2022-02-08T08:30:00,D_004,LOUD NOISE
2022-02-08T09:50:00,D_008,LOUD NOISE
2022-02-08T10:00:00,D_014,LOUD NOISE
2022-02-08T10:30:00,D_000,LOUD NOISE
2022-02-08T11:20:00,D_005,LOUD NOISE
2022-02-08T11:50:00,D_002,LOUD NOISE
2022-02-08T12:00:00,D_006,LOUD NOISE
2022-02-08T12:20:00,D_000,LOUD NOISE
2022-02-08T12:40:00,D_005,LOUD NOISE
2022-02-08T12:50:00,D_014,LOUD NOISE
2022-02-08T13:20:00,D_000,LOUD NOISE
2022-02-08T13:30:00,D_013,LOUD NOISE
2022-02-08T13:40:00,D_007,LOUD NOISE
2022-02-08T13:50:00,D_001,LOUD NOISE
2022-02-08T13:50:00,D_008,VERY LOUD NOISE
2022-02-08T14:00:00,D_000,LOUD NOISE
2022-02-08T14:50:00,D_008,LOUD NOISE
2022-02-08T14:50:00,D_013,LOUD NOISE
2022-02-08T15:00:00,D_010,LOUD NOISE
2022-02-08T15:40:00,D_000,LOUD NOISE
2022-02-08T15:40:00,D_008,LOUD NOISE
2022-02-09T08:50:00,D_005,LOUD NOISE
2022-02-09T09:00:00,D_004,LOUD NOISE
2022-02-09T09:10:00,D_001,LOUD NOISE
2022-02-09T09:10:00,D_004,LOUD NOISE
2022-02-09T09:20:00,D_013,LOUD NOISE
2022-02-09T09:30:00,D_008,LOUD NOISE
2022-02-09T09:50:00,D_004,LOUD NOISE
2022-02-09T09:50:00,D_014,LOUD NOISE
2022-02-09T10:00:00,D_008,SAFETY SHUTDOWN
2022-02-09T10:00:00,D_008,POWER OFF
2022-02-09T11:50:00,D_004,VERY LOUD NOISE
2022-02-09T11:50:00,D_007,LOUD NOISE
2022-02-09T12:10:00,D_003,LOUD NOISE
2022-02-09T13:00:00,D_003,LOUD NOISE
2022-02-09T14:20:00,D_003,LOUD NOISE
2022-02-09T14:40:00,D_007,LOUD NOISE
2022-02-09T15:00:00,D_010,LOUD NOISE
2022-02-09T15:00:00,D_011,LOUD NOISE
2022-02-09T15:10:00,D_013,LOUD NOISE
2022-02-09T15:50:00,D_003,LOUD NOISE
2022-02-10T08:00:00,D_008,BROKEN MACHINE
2022-02-10T08:00:00,D_011,LOUD NOISE
2022-02-10T08:40:00,D_013,LOUD NOISE
2022-02-10T08:50:00,D_005,LOUD NOISE
2022-02-10T09:00:00,D_011,LOUD NOISE
2022-02-10T09:30:00,D_006,LOUD NOISE
2022-02-10T09:40:00,D_007,LOUD NOISE
2022-02-10T09:50:00,D_014,LOUD NOISE
2022-02-10T11:50:00,D_011,LOUD NOISE
2022-02-10T12:50:00,D_011,LOUD NOISE
2022-02-10T13:10:00,D_010,LOUD NOISE
2022-02-10T13:30:00,D_007,LOUD NOISE
2022-02-10T13:30:00,D_011,LOUD NOISE
2022-02-10T14:20:00,D_002,LOUD NOISE
2022-02-10T14:40:00,D_002,LOUD NOISE
2022-02-10T14:40:00,D_007,LOUD NOISE
2022-02-10T15:00:00,D_010,LOUD NOISE
2022-02-10T15:20:00,D_014,LOUD NOISE
2022-02-10T15:40:00,D_002,LOUD NOISE
2022-02-11T08:10:00,D_003,LOUD NOISE
2022-02-11T08:50:00,D_006,LOUD NOISE
2022-02-11T10:10:00,D_002,LOUD NOISE
2022-02-11T10:10:00,D_005,LOUD NOISE
2022-02-11T11:30:00,D_000,LOUD NOISE
2022-02-11T11:50:00,D_004,LOUD NOISE
2022-02-11T12:00:00,D_002,LOUD NOISE
2022-02-11T12:10:00,D_000,LOUD NOISE
2022-02-11T13:30:00,D_004,LOUD NOISE
2022-02-11T13:50:00,D_013,LOUD NOISE
2022-02-11T14:50:00,D_001,LOUD NOISE
2022-02-11T15:00:00,D_000,LOUD NOISE
2022-02-11T15:10:00,D_000,LOUD NOISE
2022-02-12T08:30:00,D_000,LOUD NOISE
2022-02-12T08:30:00,D_003,LOUD NOISE
2022-02-12T09:10:00,D_010,LOUD NOISE
2022-02-12T09:20:00,D_002,LOUD NOISE
2022-02-12T09:30:00,D_014,LOUD NOISE
2022-02-12T09:40:00,D_002,LOUD NOISE
2022-02-12T10:40:00,D_003,LOUD NOISE
2022-02-12T10:50:00,D_011,VERY LOUD NOISE
2022-02-12T11:00:00,D_013,LOUD NOISE
2022-02-12T11:30:00,D_006,LOUD NOISE
2022-02-12T12:10:00,D_014,LOUD NOISE
2022-02-12T13:30:00,D_000,LOUD NOISE
2022-02-12T13:40:00,D_004,LOUD NOISE
2022-02-12T14:00:00,D_004,LOUD NOISE
2022-02-12T14:20:00,D_004,LOUD NOISE
2022-02-12T15:00:00,D_014,LOUD NOISE
2022-02-12T15:30:00,D_006,LOUD NOISE
2022-02-14T08:50:00,D_004,LOUD NOISE
2022-02-14T09:00:00,D_014,LOUD NOISE
2022-02-14T10:10:00,D_011,LOUD NOISE
2022-02-14T10:20:00,D_001,LOUD NOISE
2022-02-14T11:10:00,D_004,LOUD NOISE
2022-02-14T11:30:00,D_005,LOUD NOISE
2022-02-14T11:40:00,D_006,LOUD NOISE
2022-02-14T11:50:00,D_013,LOUD NOISE
2022-02-14T12:10:00,D_007,LOUD NOISE
2022-02-14T13:00:00,D_011,LOUD NOISE
2022-02-14T13:10:00,D_014,LOUD NOISE
2022-02-14T14:30:00,D_003,LOUD NOISE
2022-02-14T14:40:00,D_014,LOUD NOISE
2022-02-14T15:20:00,D_003,LOUD NOISE
2022-02-14T15:20:00,D_004,LOUD NOISE
2022-02-15T08:10:00,D_004,LOUD NOISE
2022-02-15T08:50:00,D_006,LOUD NOISE
2022-02-15T09:30:00,D_011,LOUD NOISE
2022-02-15T09:40:00,D_011,LOUD NOISE
2022-02-15T09:50:00,D_011,LOUD NOISE
2022-02-15T10:20:00,D_003,LOUD NOISE
2022-02-15T12:30:00,D_002,LOUD NOISE
2022-02-15T12:40:00,D_004,LOUD NOISE
2022-02-15T13:10:00,D_013,LOUD NOISE
2022-02-15T14:30:00,D_014,LOUD NOISE
2022-02-15T14:50:00,D_001,LOUD NOISE
2022-02-16T09:00:00,D_002,LOUD NOISE
2022-02-16T10:20:00,D_002,LOUD NOISE
2022-02-16T10:40:00,D_015,LOUD NOISE
2022-02-16T12:00:00,D_006,LOUD NOISE
2022-02-16T13:20:00,D_003,LOUD NOISE
2022-02-16T14:10:00,D_006,LOUD NOISE
2022-02-16T14:20:00,D_013,LOUD NOISE
2022-02-16T14:50:00,D_002,LOUD NOISE
2022-02-16T15:30:00,D_014,LOUD NOISE
2022-02-16T15:50:00,D_000,LOUD NOISE
2022-02-17T08:00:00,D_003,LOUD NOISE
2022-02-17T08:00:00,D_015,LOUD NOISE
2022-02-17T08:20:00,D_015,LOUD NOISE
2022-02-17T09:00:00,D_007,LOUD NOISE
2022-02-17T09:00:00,D_011,LOUD NOISE
2022-02-17T09:10:00,D_010,LOUD NOISE
2022-02-17T09:10:00,D_013,LOUD NOISE
2022-02-17T09:20:00,D_003,LOUD NOISE
2022-02-17T10:00:00,D_014,LOUD NOISE
2022-02-17T10:30:00,D_003,LOUD NOISE
2022-02-17T10:40:00,D_004,LOUD NOISE
2022-02-17T11:10:00,D_010,LOUD NOISE
2022-02-17T11:20:00,D_000,LOUD NOISE
2022-02-17T11:30:00,D_004,LOUD NOISE
2022-02-17T13:00:00,D_004,LOUD NOISE
2022-02-17T14:10:00,D_000,LOUD NOISE
2022-02-17T15:30:00,D_000,LOUD NOISE
2022-02-17T15:30:00,D_004,LOUD NOISE
2022-02-17T15:40:00,D_004,LOUD NOISE
2022-02-18T08:50:00,D_011,LOUD NOISE
2022-02-18T10:10:00,D_000,LOUD NOISE
2022-02-18T10:10:00,D_004,LOUD NOISE
2022-02-18T10:40:00,D_003,LOUD NOISE
2022-02-18T12:00:00,D_001,LOUD NOISE
2022-02-18T12:50:00,D_000,LOUD NOISE
2022-02-18T12:50:00,D_002,LOUD NOISE
2022-02-18T12:50:00,D_011,LOUD NOISE
2022-02-18T13:00:00,D_010,LOUD NOISE
2022-02-18T13:00:00,D_013,LOUD NOISE
2022-02-18T14:00:00,D_002,LOUD NOISE
2022-02-18T14:10:00,D_000,LOUD NOISE
2022-02-18T14:20:00,D_007,LOUD NOISE
2022-02-18T14:30:00,D_001,LOUD NOISE
2022-02-18T14:40:00,D_004,LOUD NOISE
2022-02-18T15:00:00,D_004,LOUD NOISE
2022-02-18T15:20:00,D_003,LOUD NOISE
2022-02-19T08:00:00,D_003,LOUD NOISE
2022-02-19T08:50:00,D_003,LOUD NOISE
2022-02-19T08:50:00,D_004,LOUD NOISE
2022-02-19T09:00:00,D_011,LOUD NOISE
2022-02-19T09:10:00,D_002,LOUD NOISE
2022-02-19T11:20:00,D_013,LOUD NOISE
2022-02-19T11:30:00,D_004,LOUD NOISE
2022-02-19T12:20:00,D_000,LOUD NOISE
2022-02-19T12:30:00,D_010,LOUD NOISE
2022-02-19T12:30:00,D_013,LOUD NOISE
2022-02-19T12:50:00,D_011,LOUD NOISE
2022-02-19T13:20:00,D_003,LOUD NOISE
2022-02-19T15:10:00,D_002,LOUD NOISE
2022-02-19T15:10:00,D_014,LOUD NOISE
2022-02-19T15:30:00,D_010,LOUD NOISE
2022-02-21T08:10:00,D_004,LOUD NOISE
2022-02-21T08:40:00,D_006,LOUD NOISE
2022-02-21T09:30:00,D_007,LOUD NOISE
2022-02-21T09:30:00,D_013,LOUD NOISE
2022-02-21T09:50:00,D_004,LOUD NOISE
2022-02-21T09:50:00,D_006,LOUD NOISE
2022-02-21T10:20:00,D_000,LOUD NOISE
2022-02-21T10:30:00,D_002,LOUD NOISE
2022-02-21T12:10:00,D_003,LOUD NOISE
2022-02-21T12:30:00,D_006,LOUD NOISE
2022-02-21T14:00:00,D_013,LOUD NOISE
2022-02-21T14:20:00,D_011,LOUD NOISE
2022-02-21T14:50:00,D_010,LOUD NOISE
2022-02-21T15:30:00,D_001,LOUD NOISE
2022-02-21T15:40:00,D_003,LOUD NOISE
2022-02-22T08:10:00,D_011,LOUD NOISE
2022-02-22T08:40:00,D_000,LOUD NOISE
2022-02-22T08:40:00,D_011,LOUD NOISE
2022-02-22T08:40:00,D_014,LOUD NOISE
2022-02-22T09:00:00,D_000,LOUD NOISE
2022-02-22T09:10:00,D_003,LOUD NOISE
2022-02-22T09:30:00,D_000,VERY LOUD NOISE
2022-02-22T10:00:00,D_011,LOUD NOISE
2022-02-22T10:20:00,D_006,LOUD NOISE
2022-02-22T10:30:00,D_004,LOUD NOISE
2022-02-22T11:00:00,D_011,LOUD NOISE
2022-02-22T11:10:00,D_006,LOUD NOISE
2022-02-22T11:20:00,D_010,LOUD NOISE
2022-02-22T11:20:00,D_011,LOUD NOISE
2022-02-22T11:30:00,D_013,LOUD NOISE
2022-02-22T12:10:00,D_003,LOUD NOISE
2022-02-22T13:30:00,D_010,LOUD NOISE
2022-02-22T13:40:00,D_000,LOUD NOISE
2022-02-22T15:10:00,D_007,LOUD NOISE
2022-02-23T08:20:00,D_003,LOUD NOISE
2022-02-23T08:50:00,D_004,LOUD NOISE
2022-02-23T09:00:00,D_006,LOUD NOISE
2022-02-23T10:10:00,D_013,LOUD NOISE
2022-02-23T10:30:00,D_003,LOUD NOISE
2022-02-23T11:20:00,D_000,LOUD NOISE
2022-02-23T11:30:00,D_010,LOUD NOISE
2022-02-23T12:10:00,D_003,LOUD NOISE
2022-02-23T12:30:00,D_004,LOUD NOISE
2022-02-23T12:30:00,D_010,LOUD NOISE
2022-02-23T12:50:00,D_004,LOUD NOISE
2022-02-23T13:10:00,D_000,LOUD NOISE
2022-02-23T13:10:00,D_000,SAFETY SHUTDOWN
2022-02-23T13:10:00,D_000,POWER OFF
2022-02-23T13:20:00,D_013,LOUD NOISE
2022-02-23T13:40:00,D_006,LOUD NOISE
2022-02-23T14:20:00,D_010,LOUD NOISE
2022-02-23T15:50:00,D_005,LOUD NOISE
2022-02-24T08:00:00,D_000,BROKEN MACHINE
2022-02-24T08:00:00,D_015,LOUD NOISE
2022-02-24T08:10:00,D_006,LOUD NOISE
2022-02-24T11:30:00,D_001,LOUD NOISE
2022-02-24T11:40:00,D_014,LOUD NOISE
2022-02-24T12:10:00,D_003,LOUD NOISE
2022-02-24T12:50:00,D_006,LOUD NOISE
2022-02-24T13:10:00,D_003,LOUD NOISE
2022-02-24T15:10:00,D_004,LOUD NOISE
2022-02-24T15:20:00,D_001,LOUD NOISE
2022-02-24T15:20:00,D_007,LOUD NOISE
2022-02-25T08:00:00,D_002,LOUD NOISE
2022-02-25T08:20:00,D_003,LOUD NOISE
2022-02-25T09:00:00,D_006,LOUD NOISE
2022-02-25T09:10:00,D_011,LOUD NOISE
2022-02-25T09:40:00,D_003,LOUD NOISE
2022-02-25T10:00:00,D_010,LOUD NOISE
2022-02-25T10:20:00,D_002,LOUD NOISE
2022-02-25T10:30:00,D_007,LOUD NOISE
2022-02-25T11:10:00,D_004,LOUD NOISE
2022-02-25T11:20:00,D_011,LOUD NOISE
2022-02-25T12:00:00,D_010,LOUD NOISE
2022-02-25T14:10:00,D_011,LOUD NOISE
2022-02-25T14:50:00,D_007,LOUD NOISE
2022-02-26T08:10:00,D_006,LOUD NOISE
2022-02-26T08:10:00,D_013,LOUD NOISE
2022-02-26T08:30:00,D_004,LOUD NOISE
2022-02-26T09:10:00,D_005,LOUD NOISE
2022-02-26T10:30:00,D_006,LOUD NOISE
2022-02-26T13:30:00,D_011,LOUD NOISE
2022-02-26T13:40:00,D_003,LOUD NOISE
2022-02-26T14:40:00,D_002,LOUD NOISE
2022-02-26T15:30:00,D_004,LOUD NOISE
2022-02-26T15:40:00,D_013,LOUD NOISE
2022-02-28T08:00:00,D_006,LOUD NOISE
2022-02-28T09:30:00,D_002,LOUD NOISE
2022-02-28T09:40:00,D_003,LOUD NOISE
2022-02-28T09:50:00,D_006,LOUD NOISE
2022-02-28T10:40:00,D_005,LOUD NOISE
2022-02-28T11:20:00,D_003,LOUD NOISE
2022-02-28T13:30:00,D_013,LOUD NOISE
2022-02-28T14:00:00,D_002,LOUD NOISE
2022-02-28T14:10:00,D_010,LOUD NOISE
2022-03-01T09:40:00,D_004,LOUD NOISE
2022-03-01T10:00:00,D_004,LOUD NOISE
2022-03-01T12:20:00,D_003,LOUD NOISE
2022-03-01T12:40:00,D_006,LOUD NOISE
2022-03-01T12:40:00,D_011,LOUD NOISE
2022-03-01T12:40:00,D_013,LOUD NOISE
2022-03-01T13:30:00,D_015,LOUD NOISE
2022-03-01T13:50:00,D_004,LOUD NOISE
2022-03-01T14:40:00,D_003,LOUD NOISE
2022-03-01T14:40:00,D_004,LOUD NOISE
2022-03-01T15:20:00,D_002,LOUD NOISE
2022-03-01T15:20:00,D_006,LOUD NOISE
2022-03-02T08:00:00,D_004,LOUD NOISE
2022-03-02T08:00:00,D_006,LOUD NOISE
2022-03-02T08:00:00,D_010,LOUD NOISE
2022-03-02T08:20:00,D_001,LOUD NOISE
2022-03-02T08:30:00,D_007,LOUD NOISE
2022-03-02T11:20:00,D_010,LOUD NOISE
2022-03-02T12:00:00,D_004,LOUD NOISE
2022-03-02T12:20:00,D_007,LOUD NOISE
2022-03-02T14:10:00,D_001,LOUD NOISE
2022-03-02T14:50:00,D_001,LOUD NOISE
2022-03-02T15:40:00,D_007,LOUD NOISE
2022-03-02T15:40:00,D_014,LOUD NOISE
2022-03-03T08:20:00,D_003,LOUD NOISE
2022-03-03T09:50:00,D_014,LOUD NOISE
2022-03-03T11:00:00,D_010,LOUD NOISE
2022-03-03T11:20:00,D_004,LOUD NOISE
2022-03-03T12:30:00,D_004,LOUD NOISE
2022-03-03T13:10:00,D_002,LOUD NOISE
2022-03-03T14:30:00,D_001,LOUD NOISE
2022-03-03T14:40:00,D_007,VERY LOUD NOISE
2022-03-03T14:50:00,D_006,LOUD NOISE
2022-03-03T15:20:00,D_007,LOUD NOISE
2022-03-04T08:40:00,D_010,LOUD NOISE
2022-03-04T08:50:00,D_003,LOUD NOISE
2022-03-04T09:20:00,D_005,LOUD NOISE
2022-03-04T10:00:00,D_004,SAFETY SHUTDOWN
2022-03-04T10:00:00,D_004,POWER OFF
2022-03-04T10:00:00,D_010,LOUD NOISE
2022-03-04T10:00:00,D_011,LOUD NOISE
2022-03-04T14:00:00,D_002,LOUD NOISE
2022-03-04T14:00:00,D_005,LOUD NOISE
2022-03-04T14:10:00,D_011,LOUD NOISE
2022-03-04T14:20:00,D_010,LOUD NOISE
2022-03-04T14:30:00,D_010,LOUD NOISE
2022-03-04T15:50:00,D_002,LOUD NOISE
2022-03-04T15:50:00,D_007,LOUD NOISE
2022-03-05T08:00:00,D_004,REPAIRS DONE
2022-03-05T08:00:00,D_004,POWER ON
2022-03-05T08:40:00,D_015,LOUD NOISE
2022-03-05T10:40:00,D_013,LOUD NOISE
2022-03-05T11:00:00,D_003,LOUD NOISE
2022-03-05T12:20:00,D_014,LOUD NOISE
2022-03-05T12:30:00,D_014,LOUD NOISE
2022-03-05T13:10:00,D_007,LOUD NOISE
2022-03-05T13:10:00,D_014,LOUD NOISE
2022-03-05T13:50:00,D_011,LOUD NOISE
2022-03-07T08:10:00,D_001,LOUD NOISE
2022-03-07T08:10:00,D_010,LOUD NOISE
2022-03-07T08:20:00,D_004,LOUD NOISE
2022-03-07T08:30:00,D_007,LOUD NOISE
2022-03-07T08:50:00,D_006,LOUD NOISE
2022-03-07T09:40:00,D_002,LOUD NOISE
2022-03-07T10:10:00,D_010,LOUD NOISE
2022-03-07T10:30:00,D_003,LOUD NOISE
2022-03-07T11:20:00,D_010,LOUD NOISE
2022-03-07T11:40:00,D_003,LOUD NOISE
2022-03-07T12:30:00,D_004,VERY LOUD NOISE
2022-03-07T12:40:00,D_013,LOUD NOISE
2022-03-07T12:50:00,D_015,LOUD NOISE
2022-03-07T13:00:00,D_006,LOUD NOISE
2022-03-07T13:20:00,D_003,LOUD NOISE
2022-03-07T13:20:00,D_004,LOUD NOISE
2022-03-08T08:20:00,D_011,LOUD NOISE
2022-03-08T08:30:00,D_007,LOUD NOISE
2022-03-08T08:50:00,D_011,LOUD NOISE
2022-03-08T10:00:00,D_006,LOUD NOISE
2022-03-08T10:30:00,D_006,LOUD NOISE
2022-03-08T13:00:00,D_002,LOUD NOISE
2022-03-08T13:10:00,D_007,LOUD NOISE
2022-03-08T13:10:00,D_015,LOUD NOISE
2022-03-08T13:20:00,D_003,SAFETY SHUTDOWN
2022-03-08T13:20:00,D_003,POWER OFF
2022-03-08T14:30:00,D_014,LOUD NOISE
2022-03-08T14:40:00,D_011,LOUD NOISE
2022-03-08T15:10:00,D_001,LOUD NOISE
2022-03-08T15:40:00,D_004,LOUD NOISE
2022-03-09T08:00:00,D_003,REPAIRS DONE
2022-03-09T08:00:00,D_003,POWER ON
2022-03-09T08:00:00,D_011,LOUD NOISE
2022-03-09T08:20:00,D_014,LOUD NOISE
2022-03-09T11:10:00,D_005,LOUD NOISE
2022-03-09T11:10:00,D_006,LOUD NOISE
2022-03-09T12:30:00,D_007,LOUD NOISE
2022-03-09T13:10:00,D_010,LOUD NOISE
2022-03-09T15:00:00,D_010,LOUD NOISE
2022-03-09T15:10:00,D_011,LOUD NOISE
2022-03-10T08:10:00,D_002,LOUD NOISE
2022-03-10T08:30:00,D_001,LOUD NOISE
2022-03-10T09:10:00,D_014,LOUD NOISE
2022-03-10T10:10:00,D_015,LOUD NOISE
2022-03-10T10:40:00,D_013,LOUD NOISE
2022-03-10T11:40:00,D_011,LOUD NOISE
2022-03-10T12:20:00,D_002,LOUD NOISE
2022-03-10T13:20:00,D_004,LOUD NOISE
2022-03-10T14:10:00,D_007,LOUD NOISE
2022-03-10T14:20:00,D_002,LOUD NOISE
2022-03-10T15:30:00,D_006,SAFETY SHUTDOWN
2022-03-10T15:30:00,D_006,POWER OFF
2022-03-11T08:00:00,D_006,REPAIRS DONE
2022-03-11T08:00:00,D_006,POWER ON
2022-03-11T08:10:00,D_011,LOUD NOISE
2022-03-11T08:50:00,D_002,VERY LOUD NOISE
2022-03-11T11:50:00,D_007,LOUD NOISE
2022-03-11T12:50:00,D_007,LOUD NOISE
2022-03-11T13:50:00,D_013,LOUD NOISE
2022-03-11T14:50:00,D_011,LOUD NOISE
2022-03-11T14:50:00,D_013,LOUD NOISE
2022-03-11T15:10:00,D_011,LOUD NOISE
2022-03-11T15:30:00,D_004,LOUD NOISE
2022-03-12T09:00:00,D_006,LOUD NOISE
2022-03-12T09:40:00,D_007,LOUD NOISE
2022-03-12T09:50:00,D_010,LOUD NOISE
2022-03-12T09:50:00,D_011,LOUD NOISE
2022-03-12T11:20:00,D_014,LOUD NOISE
2022-03-12T12:10:00,D_014,LOUD NOISE
2022-03-12T13:50:00,D_006,LOUD NOISE
2022-03-12T14:30:00,D_014,LOUD NOISE
2022-03-12T15:20:00,D_004,LOUD NOISE
2022-03-12T15:40:00,D_010,LOUD NOISE
2022-03-14T09:30:00,D_002,LOUD NOISE
2022-03-14T09:30:00,D_011,LOUD NOISE
2022-03-14T10:30:00,D_002,LOUD NOISE
2022-03-14T10:40:00,D_014,VERY LOUD NOISE
2022-03-14T11:50:00,D_001,LOUD NOISE
2022-03-14T11:50:00,D_011,LOUD NOISE
2022-03-14T12:50:00,D_004,LOUD NOISE
2022-03-14T13:20:00,D_006,LOUD NOISE
2022-03-14T13:40:00,D_002,LOUD NOISE
2022-03-14T14:40:00,D_002,LOUD NOISE
2022-03-14T14:50:00,D_003,LOUD NOISE
2022-03-14T15:00:00,D_007,LOUD NOISE
2022-03-14T15:10:00,D_004,LOUD NOISE
2022-03-15T08:00:00,D_003,LOUD NOISE
2022-03-15T08:50:00,D_014,LOUD NOISE
2022-03-15T09:00:00,D_002,LOUD NOISE
2022-03-15T10:10:00,D_010,LOUD NOISE
2022-03-15T10:40:00,D_011,LOUD NOISE
2022-03-15T11:00:00,D_014,LOUD NOISE
2022-03-15T11:40:00,D_002,LOUD NOISE
2022-03-15T12:40:00,D_011,LOUD NOISE
2022-03-15T14:30:00,D_006,LOUD NOISE
2022-03-15T14:30:00,D_007,LOUD NOISE
2022-03-15T14:50:00,D_002,LOUD NOISE
2022-03-15T15:20:00,D_002,LOUD NOISE
2022-03-16T08:00:00,D_005,LOUD NOISE
2022-03-16T09:30:00,D_003,LOUD NOISE
2022-03-16T09:50:00,D_007,LOUD NOISE
2022-03-16T10:30:00,D_002,LOUD NOISE
2022-03-16T10:30:00,D_014,LOUD NOISE
2022-03-16T11:10:00,D_007,LOUD NOISE
2022-03-16T12:00:00,D_006,LOUD NOISE
2022-03-16T12:40:00,D_005,LOUD NOISE
2022-03-16T12:50:00,D_001,LOUD NOISE
2022-03-16T12:50:00,D_004,LOUD NOISE
2022-03-16T13:40:00,D_002,LOUD NOISE
2022-03-16T14:10:00,D_005,LOUD NOISE
2022-03-16T15:00:00,D_003,LOUD NOISE
2022-03-16T15:50:00,D_004,LOUD NOISE
2022-03-16T15:50:00,D_015,LOUD NOISE
2022-03-17T08:40:00,D_002,LOUD NOISE
2022-03-17T08:50:00,D_011,LOUD NOISE
2022-03-17T09:00:00,D_014,LOUD NOISE
2022-03-17T09:40:00,D_004,LOUD NOISE
2022-03-17T10:20:00,D_013,LOUD NOISE
2022-03-17T10:40:00,D_002,LOUD NOISE
2022-03-17T11:10:00,D_002,LOUD NOISE
2022-03-17T12:10:00,D_010,LOUD NOISE
2022-03-17T12:50:00,D_003,LOUD NOISE
2022-03-17T13:20:00,D_004,LOUD NOISE
2022-03-17T13:40:00,D_014,LOUD NOISE
2022-03-17T13:40:00,D_014,SAFETY SHUTDOWN
2022-03-17T13:40:00,D_014,POWER OFF
2022-03-18T08:00:00,D_014,BROKEN MACHINE
2022-03-18T08:50:00,D_010,LOUD NOISE
2022-03-18T10:40:00,D_004,LOUD NOISE
2022-03-18T12:20:00,D_006,LOUD NOISE
2022-03-18T12:50:00,D_010,LOUD NOISE
2022-03-18T13:30:00,D_004,LOUD NOISE
2022-03-18T15:00:00,D_004,LOUD NOISE
2022-03-19T10:30:00,D_002,LOUD NOISE
2022-03-19T11:00:00,D_010,LOUD NOISE
2022-03-19T12:50:00,D_004,LOUD NOISE
2022-03-19T13:00:00,D_007,LOUD NOISE
2022-03-19T13:10:00,D_004,LOUD NOISE
2022-03-19T13:30:00,D_013,LOUD NOISE
2022-03-19T13:40:00,D_004,LOUD NOISE
2022-03-19T15:00:00,D_007,LOUD NOISE
2022-03-21T08:30:00,D_002,LOUD NOISE
2022-03-21T08:50:00,D_010,LOUD NOISE
2022-03-21T09:30:00,D_015,LOUD NOISE
2022-03-21T10:30:00,D_010,LOUD NOISE
2022-03-21T11:00:00,D_002,LOUD NOISE
2022-03-21T11:00:00,D_010,LOUD NOISE
2022-03-21T12:30:00,D_003,LOUD NOISE
2022-03-21T13:00:00,D_004,LOUD NOISE
2022-03-21T15:00:00,D_003,LOUD NOISE
2022-03-21T15:30:00,D_004,LOUD NOISE
2022-03-21T15:30:00,D_010,LOUD NOISE
2022-03-22T08:30:00,D_003,LOUD NOISE
2022-03-22T08:30:00,D_006,LOUD NOISE
2022-03-22T08:50:00,D_003,LOUD NOISE
2022-03-22T09:00:00,D_004,LOUD NOISE
2022-03-22T10:10:00,D_011,LOUD NOISE
2022-03-22T10:30:00,D_005,VERY LOUD NOISE
2022-03-22T13:00:00,D_003,LOUD NOISE
2022-03-22T14:00:00,D_007,LOUD NOISE
2022-03-22T14:20:00,D_006,LOUD NOISE
2022-03-22T15:00:00,D_001,LOUD NOISE
2022-03-23T08:00:00,D_003,LOUD NOISE
2022-03-23T08:00:00,D_007,LOUD NOISE
2022-03-23T10:20:00,D_001,LOUD NOISE
2022-03-23T11:00:00,D_007,LOUD NOISE
2022-03-23T11:00:00,D_015,LOUD NOISE
2022-03-23T12:00:00,D_004,LOUD NOISE
2022-03-23T12:50:00,D_010,LOUD NOISE
2022-03-23T13:00:00,D_007,LOUD NOISE
2022-03-23T13:10:00,D_010,LOUD NOISE
2022-03-23T13:10:00,D_010,SAFETY SHUTDOWN
2022-03-23T13:10:00,D_010,POWER OFF
2022-03-23T13:40:00,D_007,LOUD NOISE
2022-03-23T14:20:00,D_007,LOUD NOISE
2022-03-23T15:40:00,D_004,LOUD NOISE
2022-03-24T08:00:00,D_010,BROKEN MACHINE
2022-03-24T09:00:00,D_002,LOUD NOISE
2022-03-24T09:30:00,D_005,LOUD NOISE
2022-03-24T09:50:00,D_004,LOUD NOISE
2022-03-24T09:50:00,D_011,LOUD NOISE
2022-03-24T10:40:00,D_006,LOUD NOISE
2022-03-24T10:40:00,D_011,LOUD NOISE
2022-03-24T11:10:00,D_001,LOUD NOISE
2022-03-24T11:20:00,D_006,LOUD NOISE
2022-03-24T11:40:00,D_003,LOUD NOISE
2022-03-24T12:50:00,D_004,LOUD NOISE
2022-03-24T12:50:00,D_006,LOUD NOISE
2022-03-24T13:00:00,D_003,LOUD NOISE
2022-03-24T13:00:00,D_006,LOUD NOISE
2022-03-24T13:10:00,D_003,LOUD NOISE
2022-03-24T13:20:00,D_011,LOUD NOISE
2022-03-24T13:40:00,D_003,LOUD NOISE
2022-03-24T13:50:00,D_006,LOUD NOISE
2022-03-24T14:20:00,D_003,LOUD NOISE
2022-03-24T15:10:00,D_007,LOUD NOISE
2022-03-24T15:50:00,D_004,LOUD NOISE
2022-03-25T08:40:00,D_002,LOUD NOISE
2022-03-25T09:00:00,D_005,LOUD NOISE
2022-03-25T12:00:00,D_006,LOUD NOISE
2022-03-25T12:20:00,D_003,LOUD NOISE
2022-03-25T12:40:00,D_006,LOUD NOISE
2022-03-25T14:00:00,D_002,LOUD NOISE
2022-03-26T12:30:00,D_005,LOUD NOISE
2022-03-26T12:40:00,D_001,LOUD NOISE
2022-03-26T13:10:00,D_002,LOUD NOISE
2022-03-26T14:50:00,D_002,LOUD NOISE
2022-03-26T15:50:00,D_007,LOUD NOISE
2022-03-26T15:50:00,D_011,LOUD NOISE
2022-03-28T08:50:00,D_006,LOUD NOISE
2022-03-28T09:50:00,D_003,LOUD NOISE
2022-03-28T10:20:00,D_007,LOUD NOISE
2022-03-28T11:00:00,D_004,LOUD NOISE
2022-03-28T11:00:00,D_006,LOUD NOISE
2022-03-28T12:20:00,D_003,LOUD NOISE
2022-03-28T12:40:00,D_007,LOUD NOISE
2022-03-28T13:10:00,D_013,LOUD NOISE
2022-03-28T13:30:00,D_006,LOUD NOISE
2022-03-28T13:50:00,D_006,LOUD NOISE
2022-03-29T11:50:00,D_007,LOUD NOISE
2022-03-29T13:00:00,D_007,LOUD NOISE
2022-03-29T13:40:00,D_002,LOUD NOISE
2022-03-30T08:00:00,D_013,LOUD NOISE
2022-03-30T12:00:00,D_004,LOUD NOISE
2022-03-30T12:00:00,D_006,VERY LOUD NOISE
2022-03-30T12:30:00,D_001,LOUD NOISE
2022-03-31T08:00:00,D_003,LOUD NOISE
2022-03-31T08:40:00,D_013,LOUD NOISE
2022-03-31T08:50:00,D_011,LOUD NOISE
2022-03-31T09:00:00,D_007,LOUD NOISE
2022-03-31T09:50:00,D_004,LOUD NOISE
2022-03-31T11:50:00,D_002,LOUD NOISE
2022-03-31T12:40:00,D_006,LOUD NOISE
2022-03-31T13:20:00,D_005,LOUD NOISE
2022-03-31T13:20:00,D_006,LOUD NOISE
2022-03-31T13:20:00,D_013,LOUD NOISE
2022-03-31T13:40:00,D_007,LOUD NOISE
2022-03-31T14:00:00,D_003,LOUD NOISE
2022-04-01T08:30:00,D_002,LOUD NOISE
2022-04-01T09:10:00,D_004,LOUD NOISE
2022-04-01T10:00:00,D_006,LOUD NOISE
2022-04-01T12:30:00,D_005,LOUD NOISE
2022-04-01T14:20:00,D_001,LOUD NOISE
2022-04-02T08:30:00,D_004,LOUD NOISE
2022-04-02T08:30:00,D_015,LOUD NOISE
2022-04-02T10:10:00,D_006,LOUD NOISE
2022-04-02T11:20:00,D_013,LOUD NOISE
2022-04-02T11:30:00,D_002,LOUD NOISE
2022-04-02T11:50:00,D_007,LOUD NOISE
2022-04-02T14:30:00,D_007,LOUD NOISE
2022-04-02T15:30:00,D_003,LOUD NOISE
2022-04-02T15:50:00,D_003,LOUD NOISE
2022-04-04T08:10:00,D_004,LOUD NOISE
2022-04-04T10:30:00,D_011,VERY LOUD NOISE
2022-04-04T11:20:00,D_007,LOUD NOISE
2022-04-04T11:30:00,D_007,LOUD NOISE
2022-04-04T13:40:00,D_004,LOUD NOISE
2022-04-04T14:20:00,D_015,LOUD NOISE
2022-04-04T15:10:00,D_006,LOUD NOISE
2022-04-04T15:40:00,D_011,LOUD NOISE
2022-04-05T10:20:00,D_004,LOUD NOISE
2022-04-05T10:50:00,D_002,LOUD NOISE
2022-04-05T13:00:00,D_013,LOUD NOISE
2022-04-05T14:10:00,D_007,LOUD NOISE
2022-04-06T08:00:00,D_006,LOUD NOISE
2022-04-06T14:30:00,D_002,LOUD NOISE
2022-04-07T10:20:00,D_003,LOUD NOISE
2022-04-07T11:00:00,D_003,LOUD NOISE
2022-04-07T12:10:00,D_001,LOUD NOISE
2022-04-07T13:00:00,D_007,LOUD NOISE
2022-04-07T13:50:00,D_011,LOUD NOISE
2022-04-07T14:30:00,D_004,LOUD NOISE
2022-04-08T11:50:00,D_004,LOUD NOISE
2022-04-08T11:50:00,D_007,LOUD NOISE
2022-04-08T12:30:00,D_004,LOUD NOISE
2022-04-08T12:30:00,D_007,LOUD NOISE
2022-04-08T12:40:00,D_003,LOUD NOISE
2022-04-08T13:20:00,D_007,LOUD NOISE
2022-04-08T14:20:00,D_006,LOUD NOISE
2022-04-09T08:40:00,D_004,LOUD NOISE
2022-04-09T09:40:00,D_011,LOUD NOISE
2022-04-09T11:40:00,D_004,VERY LOUD NOISE
2022-04-09T11:50:00,D_006,LOUD NOISE
2022-04-09T12:30:00,D_001,LOUD NOISE
2022-04-09T12:40:00,D_005,LOUD NOISE
2022-04-09T13:00:00,D_004,LOUD NOISE
2022-04-09T13:20:00,D_007,LOUD NOISE
2022-04-09T15:00:00,D_013,LOUD NOISE
2022-04-11T10:40:00,D_004,VERY LOUD NOISE
2022-04-11T12:20:00,D_006,LOUD NOISE
2022-04-11T12:40:00,D_003,LOUD NOISE
2022-04-11T12:50:00,D_006,VERY LOUD NOISE
2022-04-11T14:30:00,D_002,LOUD NOISE
2022-04-11T15:20:00,D_007,LOUD NOISE
2022-04-11T15:40:00,D_002,LOUD NOISE
2022-04-12T08:20:00,D_007,LOUD NOISE
2022-04-12T10:10:00,D_006,SAFETY SHUTDOWN
2022-04-12T10:10:00,D_006,POWER OFF
2022-04-12T10:40:00,D_007,LOUD NOISE
2022-04-12T11:50:00,D_007,VERY LOUD NOISE
2022-04-12T13:40:00,D_004,LOUD NOISE
2022-04-12T14:50:00,D_011,LOUD NOISE
2022-04-12T15:50:00,D_007,LOUD NOISE
2022-04-13T08:00:00,D_006,REPAIRS DONE
2022-04-13T08:00:00,D_006,POWER ON
2022-04-13T08:40:00,D_007,LOUD NOISE
2022-04-13T11:10:00,D_002,LOUD NOISE
2022-04-13T13:30:00,D_003,LOUD NOISE
2022-04-13T15:00:00,D_004,LOUD NOISE
2022-04-14T08:30:00,D_004,LOUD NOISE
2022-04-14T08:50:00,D_002,LOUD NOISE
2022-04-14T10:00:00,D_003,LOUD NOISE
2022-04-14T10:50:00,D_002,LOUD NOISE
2022-04-14T11:30:00,D_002,LOUD NOISE
2022-04-14T11:30:00,D_003,LOUD NOISE
2022-04-14T12:20:00,D_002,LOUD NOISE
2022-04-14T13:10:00,D_001,LOUD NOISE
2022-04-14T13:20:00,D_007,LOUD NOISE
2022-04-14T14:20:00,D_002,LOUD NOISE
2022-04-14T14:40:00,D_003,LOUD NOISE
2022-04-15T09:10:00,D_003,LOUD NOISE
2022-04-15T09:50:00,D_001,LOUD NOISE
2022-04-15T09:50:00,D_013,LOUD NOISE
2022-04-15T10:20:00,D_015,LOUD NOISE
2022-04-15T12:40:00,D_006,LOUD NOISE
2022-04-15T13:20:00,D_015,LOUD NOISE
2022-04-15T14:00:00,D_011,LOUD NOISE
2022-04-15T14:00:00,D_013,LOUD NOISE
2022-04-16T08:20:00,D_004,LOUD NOISE
2022-04-16T10:10:00,D_002,LOUD NOISE
2022-04-16T10:20:00,D_002,LOUD NOISE
2022-04-16T11:10:00,D_007,LOUD NOISE
2022-04-16T11:40:00,D_002,LOUD NOISE
2022-04-16T13:50:00,D_001,LOUD NOISE
2022-04-16T14:20:00,D_004,LOUD NOISE
2022-04-18T09:40:00,D_004,LOUD NOISE
2022-04-18T09:50:00,D_006,LOUD NOISE
2022-04-18T10:10:00,D_001,LOUD NOISE
2022-04-18T11:10:00,D_004,VERY LOUD NOISE
2022-04-18T12:00:00,D_002,LOUD NOISE
2022-04-18T12:10:00,D_006,LOUD NOISE
2022-04-18T12:30:00,D_002,LOUD NOISE
2022-04-18T14:00:00,D_011,LOUD NOISE
2022-04-19T08:20:00,D_006,LOUD NOISE
2022-04-19T09:50:00,D_001,LOUD NOISE
2022-04-19T10:10:00,D_005,LOUD NOISE
2022-04-19T11:20:00,D_007,LOUD NOISE
2022-04-19T11:30:00,D_013,LOUD NOISE
2022-04-19T11:50:00,D_007,VERY LOUD NOISE
2022-04-19T13:50:00,D_004,LOUD NOISE
2022-04-19T15:30:00,D_011,SAFETY SHUTDOWN
2022-04-19T15:30:00,D_011,POWER OFF
2022-04-20T08:00:00,D_011,REPAIRS DONE
2022-04-20T08:00:00,D_011,POWER ON
2022-04-20T08:30:00,D_004,LOUD NOISE
2022-04-20T09:40:00,D_006,LOUD NOISE
2022-04-20T11:00:00,D_007,LOUD NOISE
2022-04-20T11:10:00,D_013,LOUD NOISE
2022-04-20T11:20:00,D_004,LOUD NOISE
2022-04-20T11:30:00,D_006,LOUD NOISE
2022-04-20T11:50:00,D_004,LOUD NOISE
2022-04-20T13:10:00,D_006,LOUD NOISE
2022-04-20T13:20:00,D_004,LOUD NOISE
2022-04-20T14:10:00,D_003,LOUD NOISE
2022-04-21T08:10:00,D_013,VERY LOUD NOISE
2022-04-21T09:00:00,D_013,LOUD NOISE
2022-04-21T09:20:00,D_001,LOUD NOISE
2022-04-21T09:20:00,D_013,LOUD NOISE
2022-04-21T11:20:00,D_002,LOUD NOISE
2022-04-21T12:50:00,D_006,LOUD NOISE
2022-04-21T13:50:00,D_001,LOUD NOISE
2022-04-21T14:00:00,D_015,LOUD NOISE
2022-04-21T14:10:00,D_001,LOUD NOISE
2022-04-21T14:50:00,D_003,LOUD NOISE
2022-04-21T15:10:00,D_002,LOUD NOISE
2022-04-22T09:20:00,D_004,LOUD NOISE
2022-04-22T10:00:00,D_001,LOUD NOISE
2022-04-22T13:10:00,D_004,SAFETY SHUTDOWN
2022-04-22T13:10:00,D_004,POWER OFF
2022-04-22T13:40:00,D_007,LOUD NOISE
2022-04-22T14:30:00,D_003,LOUD NOISE
2022-04-22T14:50:00,D_006,LOUD NOISE
2022-04-23T08:00:00,D_004,BROKEN MACHINE
2022-04-23T09:10:00,D_002,LOUD NOISE
2022-04-23T12:10:00,D_002,LOUD NOISE
2022-04-23T13:00:00,D_007,LOUD NOISE
2022-04-23T13:20:00,D_001,LOUD NOISE
2022-04-23T13:40:00,D_005,LOUD NOISE
2022-04-23T13:40:00,D_007,LOUD NOISE
2022-04-23T14:00:00,D_002,LOUD NOISE
2022-04-23T14:40:00,D_001,LOUD NOISE
2022-04-23T15:00:00,D_002,LOUD NOISE
2022-04-23T15:10:00,D_003,LOUD NOISE
2022-04-25T09:00:00,D_003,LOUD NOISE
2022-04-25T10:40:00,D_013,LOUD NOISE
2022-04-25T12:00:00,D_002,LOUD NOISE
2022-04-25T12:00:00,D_013,SAFETY SHUTDOWN
2022-04-25T12:00:00,D_013,POWER OFF
2022-04-25T14:20:00,D_001,LOUD NOISE
2022-04-26T08:00:00,D_013,REPAIRS DONE
2022-04-26T08:00:00,D_013,POWER ON
2022-04-26T08:10:00,D_003,LOUD NOISE
2022-04-26T09:20:00,D_001,LOUD NOISE
2022-04-26T10:00:00,D_015,LOUD NOISE
2022-04-26T10:10:00,D_006,LOUD NOISE
2022-04-26T12:20:00,D_003,LOUD NOISE
2022-04-26T13:10:00,D_006,LOUD NOISE
2022-04-26T14:20:00,D_002,LOUD NOISE
2022-04-27T09:10:00,D_013,LOUD NOISE
2022-04-27T09:20:00,D_002,LOUD NOISE
2022-04-27T11:40:00,D_002,LOUD NOISE
2022-04-27T12:50:00,D_003,LOUD NOISE
2022-04-27T13:50:00,D_006,LOUD NOISE
2022-04-28T08:10:00,D_006,LOUD NOISE
2022-04-28T10:10:00,D_001,LOUD NOISE
2022-04-28T13:50:00,D_007,LOUD NOISE
2022-04-28T14:30:00,D_002,LOUD NOISE
2022-04-29T08:40:00,D_002,LOUD NOISE
2022-04-29T11:20:00,D_005,LOUD NOISE
2022-04-29T11:20:00,D_013,LOUD NOISE
2022-04-29T13:10:00,D_007,LOUD NOISE
2022-04-29T14:20:00,D_003,LOUD NOISE
2022-04-29T15:10:00,D_011,LOUD NOISE
2022-04-30T08:00:00,D_015,LOUD NOISE
2022-04-30T09:10:00,D_006,LOUD NOISE
2022-04-30T09:20:00,D_005,VERY LOUD NOISE
2022-04-30T11:40:00,D_011,LOUD NOISE
2022-04-30T12:30:00,D_006,LOUD NOISE
2022-04-30T14:30:00,D_013,LOUD NOISE
2022-05-02T11:50:00,D_015,LOUD NOISE
2022-05-02T12:10:00,D_007,LOUD NOISE
2022-05-02T13:20:00,D_007,LOUD NOISE
2022-05-02T15:30:00,D_003,LOUD NOISE
2022-05-03T08:50:00,D_005,LOUD NOISE
2022-05-03T10:30:00,D_007,LOUD NOISE
2022-05-04T09:20:00,D_013,LOUD NOISE
2022-05-04T10:10:00,D_006,LOUD NOISE
2022-05-04T15:50:00,D_005,LOUD NOISE
2022-05-05T10:30:00,D_002,LOUD NOISE
2022-05-05T12:40:00,D_003,LOUD NOISE
2022-05-05T14:20:00,D_013,LOUD NOISE
2022-05-05T14:50:00,D_002,LOUD NOISE
2022-05-05T15:10:00,D_005,LOUD NOISE
2022-05-05T15:30:00,D_005,LOUD NOISE
2022-05-06T12:00:00,D_015,LOUD NOISE
2022-05-06T14:00:00,D_002,LOUD NOISE
2022-05-06T15:30:00,D_003,LOUD NOISE
2022-05-07T09:00:00,D_003,LOUD NOISE
2022-05-07T10:10:00,D_001,LOUD NOISE
2022-05-07T11:00:00,D_002,LOUD NOISE
2022-05-07T11:10:00,D_007,LOUD NOISE
2022-05-07T11:50:00,D_003,LOUD NOISE
2022-05-07T12:20:00,D_001,LOUD NOISE
2022-05-07T12:40:00,D_002,LOUD NOISE
2022-05-07T12:40:00,D_006,LOUD NOISE
2022-05-09T08:20:00,D_005,LOUD NOISE
2022-05-09T09:10:00,D_001,LOUD NOISE
2022-05-09T09:10:00,D_003,LOUD NOISE
2022-05-09T09:50:00,D_002,LOUD NOISE
2022-05-09T12:40:00,D_011,LOUD NOISE
2022-05-09T13:30:00,D_002,SAFETY SHUTDOWN
2022-05-09T13:30:00,D_002,POWER OFF
2022-05-10T08:00:00,D_002,BROKEN MACHINE
2022-05-10T14:00:00,D_007,LOUD NOISE
2022-05-10T14:20:00,D_005,LOUD NOISE
2022-05-10T15:10:00,D_001,LOUD NOISE
2022-05-11T15:40:00,D_013,LOUD NOISE
2022-05-12T12:20:00,D_007,LOUD NOISE
2022-05-12T15:00:00,D_013,LOUD NOISE
2022-05-12T15:10:00,D_006,LOUD NOISE
2022-05-13T08:00:00,D_006,LOUD NOISE
2022-05-13T09:20:00,D_006,LOUD NOISE
2022-05-13T10:10:00,D_006,LOUD NOISE
2022-05-13T12:50:00,D_001,LOUD NOISE
2022-05-13T13:40:00,D_007,LOUD NOISE
2022-05-14T09:00:00,D_011,LOUD NOISE
2022-05-14T09:30:00,D_005,LOUD NOISE
2022-05-14T11:30:00,D_007,LOUD NOISE
2022-05-14T12:40:00,D_011,LOUD NOISE
2022-05-16T08:30:00,D_006,LOUD NOISE
2022-05-16T14:00:00,D_003,LOUD NOISE
2022-05-16T14:30:00,D_011,LOUD NOISE
2022-05-17T09:50:00,D_006,LOUD NOISE
2022-05-17T10:00:00,D_001,LOUD NOISE
2022-05-17T14:20:00,D_005,LOUD NOISE
2022-05-17T15:30:00,D_003,LOUD NOISE
2022-05-17T15:40:00,D_003,LOUD NOISE
2022-05-18T09:50:00,D_003,LOUD NOISE
2022-05-18T15:00:00,D_006,LOUD NOISE
2022-05-19T09:30:00,D_003,LOUD NOISE
2022-05-19T11:00:00,D_005,LOUD NOISE
2022-05-19T12:00:00,D_006,LOUD NOISE
2022-05-20T09:20:00,D_003,LOUD NOISE
2022-05-20T10:00:00,D_005,LOUD NOISE
2022-05-20T11:00:00,D_001,LOUD NOISE
2022-05-20T13:40:00,D_006,LOUD NOISE
2022-05-21T12:30:00,D_003,LOUD NOISE
2022-05-21T14:10:00,D_013,LOUD NOISE
2022-05-21T15:00:00,D_005,LOUD NOISE
